timestamp,timestamp_date_format,B1,B2,B3,B4,B5,B6,B7,B8
1630457999999,9/1/21 1:00,4.923166752,4.042500019,4.210944653,3.905944347,4.092833519,3.04772234,3.728222132,5.757555485
1630461599999,9/1/21 2:00,4.913555622,4.511222363,4.058666706,3.976500034,3.916722298,3.299944401,3.697555542,3.6106112
1630465199999,9/1/21 3:00,5.000999928,3.899111032,4.577555656,3.577666759,3.864722252,3.197388887,3.674277782,3.761166573
1630468799999,9/1/21 4:00,5.109388828,4.061388969,4.071444511,3.515666723,4.084388733,3.225389004,3.69227767,3.824666739
1630472399999,9/1/21 5:00,4.984611034,4.104833603,3.900722265,3.399833202,3.790055513,3.104777813,3.666944504,3.533944368
1630475999999,9/1/21 6:00,5.41455555,5.676055431,4.769944668,4.284666538,4.384944439,3.489944458,4.825388908,3.985888958
1630479599999,9/1/21 7:00,5.60577774,10.20188904,10.23944473,9.477388382,10.06872177,3.609611034,10.8411665,9.748000145
1630483199999,9/1/21 8:00,5.52994442,15.64072227,16.19433403,13.95338917,13.47200012,4.233055592,12.02222252,13.65177727
1630486799999,9/1/21 9:00,5.291166782,14.12633324,15.5662775,12.28533363,12.02483368,4.018499851,10.47533321,10.17722225
1630490399999,9/1/21 10:00,6.653777599,15.40277767,16.87288857,12.25061131,13.68000031,3.780499935,9.796443939,13.97327805
1630493999999,9/1/21 11:00,7.316333294,11.04961109,10.96427727,17.33349991,9.164333344,3.498500109,8.794610977,8.820777893
1630497599999,9/1/21 12:00,7.109166622,9.884444237,9.187277794,8.64794445,7.929500103,3.521444559,6.951333523,7.512111187
1630501199999,9/1/21 13:00,7.110388756,15.90077782,14.75444412,13.94533348,14.22511101,3.801277637,14.40294456,12.63811111
1630504799999,9/1/21 14:00,7.135221958,14.4626112,14.68038845,11.06538868,12.44283295,3.605833292,14.0913887,11.7871666
1630508399999,9/1/21 15:00,7.082666874,16.98605537,14.58905506,11.50916672,11.9040556,4.00411129,9.539055824,18.78983307
1630511999999,9/1/21 16:00,7.113055706,10.79650021,12.04922199,10.04611111,12.6501112,3.916110992,11.95583344,12.61261082
1630515599999,9/1/21 17:00,8.288833618,8.55150032,9.161000252,7.773833275,8.325444221,3.673277855,6.269499779,6.87650013
1630519199999,9/1/21 18:00,5.421055794,5.969110966,4.624333382,4.528222084,4.715111256,3.91455555,5.450778008,4.256500244
1630522799999,9/1/21 19:00,4.992944717,5.852722168,4.834666729,4.13166666,4.295944214,3.041333199,3.684944391,4.268333435
1630526399999,9/1/21 20:00,5.189833164,5.172888756,4.720499992,4.848611355,4.21077776,3.145777702,3.929888964,3.558500051
1630529999999,9/1/21 21:00,5.133388996,5.992277622,5.246555328,6.783055782,4.406777859,3.254777908,3.732944489,3.521333456
1630533599999,9/1/21 22:00,7.142388821,4.923944473,4.228888988,3.758611202,7.115833282,3.086222172,3.732222319,3.736166716
1630537199999,9/1/21 23:00,4.787777901,4.040833473,8.382555962,3.63388896,3.853610992,3.340722084,3.599722147,6.181055546
1630540799999,9/2/21 0:00,5.210555553,7.647833347,4.053611279,3.776722193,3.861277819,4.424944401,5.807610989,3.531111002
1630544399999,9/2/21 1:00,4.784833431,4.172833443,4.008444309,3.583944559,3.869666576,3.089166641,4.027666569,3.599333286
1630547999999,9/2/21 2:00,4.895888805,4.048555374,4.289944649,4.162111282,4.115889072,3.183333397,3.600666523,3.664055586
1630551599999,9/2/21 3:00,5.044388771,7.553777695,4.057444572,3.498389006,4.068333149,3.126277924,3.547222137,3.791611195
1630555199999,9/2/21 4:00,4.995333195,4.170499802,4.142000198,3.632888794,3.792555571,3.148722172,3.576055527,3.538611174
1630558799999,9/2/21 5:00,4.798666477,4.764055729,4.380166531,3.516388893,3.672610998,3.203722239,3.579222202,3.490777731
1630562399999,9/2/21 6:00,5.583666801,5.346111298,4.372944355,5.052999973,4.531777859,3.187166691,3.573166609,3.483166695
1630565999999,9/2/21 7:00,5.698777676,10.61622238,9.597722054,9.523833275,9.648500443,3.384388924,9.590999603,8.009055138
1630569599999,9/2/21 8:00,5.392833233,16.14894485,16.20872307,11.86961079,13.54422188,3.682777882,12.94299984,15.10333347
1630573199999,9/2/21 9:00,5.738166809,13.77538872,12.55200005,12.19077778,11.96277809,3.716666698,10.91522217,18.94311142
1630576799999,9/2/21 10:00,5.230444431,14.83694458,16.51099968,12.93833351,16.42233276,3.875611067,10.53611088,10.40177822
1630580399999,9/2/21 11:00,5.282111168,13.00227737,9.467499733,9.101555824,11.57577801,3.54361105,9.141111374,8.502111435
1630583999999,9/2/21 12:00,4.997055531,9.64533329,9.027000427,7.552222252,8.172055244,3.406777859,7.062444687,6.998722076
1630587599999,9/2/21 13:00,5.29216671,15.05488873,13.05433369,12.82183361,11.43288898,3.708888769,12.0713892,11.53438854
1630591199999,9/2/21 14:00,5.768499851,13.45933342,16.66394424,13.47444439,11.98505592,3.626666784,11.00611115,13.12022209
1630594799999,9/2/21 15:00,6.04072237,14.88011169,14.66661072,12.5971117,12.99161148,3.58355546,13.13294411,16.71461105
1630598399999,9/2/21 16:00,5.123833179,13.42322254,12.50711155,13.68838882,10.65138912,3.591611147,13.61116695,8.687000275
1630601999999,9/2/21 17:00,5.102944374,7.383889198,9.151166916,7.418222427,6.532444477,3.339555502,6.39277792,6.905777931
1630605599999,9/2/21 18:00,5.600999832,5.135444641,6.455944538,4.674666882,5.257555485,3.249000072,5.774277687,4.780277729
1630609199999,9/2/21 19:00,4.935555458,4.529388905,4.761166573,4.395277977,5.467777729,3.281222343,4.207499981,4.392555714
1630612799999,9/2/21 20:00,4.81911087,4.452666759,4.809166908,3.681666613,3.869111061,3.0625,7.412055492,3.620111227
1630616399999,9/2/21 21:00,5.104555607,5.295666695,4.12755537,3.778444529,3.716111183,3.138722181,3.632555485,5.708055496
1630619999999,9/2/21 22:00,7.240221977,7.346222401,6.494333267,3.574388981,5.073500156,3.17266655,3.762166739,3.699055672
1630623599999,9/2/21 23:00,4.823944569,5.080666542,5.691999912,6.377666473,6.387833118,3.340610981,6.61394453,3.791166544
1630627199999,9/3/21 0:00,4.8709445,4.033722401,4.15344429,3.610722303,3.89866662,4.24444437,3.546666622,3.537611008
1630630799999,9/3/21 1:00,5.683888912,4.044944286,4.237222195,3.61761117,4.122555733,2.968388796,3.442666531,3.670333385
1630634399999,9/3/21 2:00,4.806333542,4.181055546,4.029722214,3.563555479,3.819555521,3.186611176,4.067444324,3.604222298
1630637999999,9/3/21 3:00,5.26883316,3.714722157,3.947166681,7.371222496,3.762444496,3.095166683,3.614166737,3.596944332
1630641599999,9/3/21 4:00,4.804888725,3.881333351,4.007277966,3.561333418,3.877722263,3.15350008,3.602111101,3.53477788
1630645199999,9/3/21 5:00,4.944722176,3.941944361,4.129444599,3.540111065,3.982333422,3.069222212,3.63722229,3.505777836
1630648799999,9/3/21 6:00,5.549555302,5.461389065,4.420610905,3.993833303,4.267833233,3.267111063,3.995777845,3.754944324
1630652399999,9/3/21 7:00,5.891933441,11.17273331,8.69960022,7.354199886,8.445333481,3.437266588,8.575933456,8.483066559
1630655999999,9/3/21 8:00,5.431499958,15.2326107,15.13138866,12.67599964,21.85055542,3.686444521,10.63605595,12.63538933
1630659599999,9/3/21 9:00,8.866222382,15.45277786,13.53644466,10.73166656,11.51572227,3.593666553,14.21538925,12.79844475
1630663199999,9/3/21 10:00,7.993222237,16.69022179,18.58549881,15.02799988,14.5417223,20.72999954,12.43138885,10.44577789
1630666799999,9/3/21 11:00,5.413666725,12.60805607,10.83927822,9.557777405,9.970832825,4.105222225,8.170499802,8.639111519
1630670399999,9/3/21 12:00,5.394500256,7.779889107,8.288666725,8.074555397,8.437722206,3.37977767,6.879388809,6.637055397
1630673999999,9/3/21 13:00,5.258666515,15.29049969,12.00611115,11.45627785,11.95899963,3.558000088,12.22266674,11.63500023
1630677599999,9/3/21 14:00,5.214777946,13.7133894,12.5745554,10.88772202,11.7375555,3.550555468,9.61950016,10.4707222
1630681199999,9/3/21 15:00,5.238111019,14.13505554,12.37838936,9.504944801,12.49300003,3.541555643,9.888055801,8.970110893
1630684799999,9/3/21 16:00,6.052999973,11.66861153,12.32116699,7.912388802,10.67777824,3.525611162,9.733111382,8.263555527
1630688399999,9/3/21 17:00,5.058666706,7.441166878,5.980666637,5.429611206,6.685333252,3.205333233,6.093500137,5.264277935
1630691999999,9/3/21 18:00,5.691055775,6.216610909,5.290333271,4.852166653,4.586055756,3.147611141,4.654110909,4.63722229
1630695599999,9/3/21 19:00,4.84388876,3.960833311,4.53255558,3.81805563,4.220166683,2.985000134,3.969222069,4.408666611
1630699199999,9/3/21 20:00,4.802555561,5.281222343,4.59244442,3.77661109,3.918166637,3.082944393,3.905277729,3.797166586
1630702799999,9/3/21 21:00,6.942833424,3.911666632,4.059277534,3.64533329,3.993055582,3.273444414,4.069666862,3.562944412
1630706399999,9/3/21 22:00,4.930666447,5.162333488,4.204222202,5.711389065,3.934277773,4.138055325,3.659111023,3.900500059
1630709999999,9/3/21 23:00,4.804111004,7.451444626,8.077388763,4.765277863,4.30700016,3.375777721,3.612166643,6.308333397
1630713599999,9/4/21 0:00,4.94299984,3.921444416,4.049889088,3.686277866,6.992388725,3.046666622,6.451333523,4.021389008
1630717199999,9/4/21 1:00,5.013277531,4.23638916,3.926888943,3.680722237,3.69749999,3.006055593,3.530611038,3.86394453
1630720799999,9/4/21 2:00,4.849888802,4.516722202,4.17672205,3.699388981,3.722055435,3.14350009,3.802611113,4.209055424
1630724399999,9/4/21 3:00,5.154611111,4.022333145,7.883388519,4.124444485,3.76072216,6.105444431,3.511777878,4.628777981
1630727999999,9/4/21 4:00,4.91155529,3.891833305,4.324166775,3.887055635,3.810333252,3.078500032,3.660722256,3.640222311
1630731599999,9/4/21 5:00,5.053444386,4.016166687,3.929722309,3.689611197,3.8125,2.970111132,3.614611149,3.545611143
1630735199999,9/4/21 6:00,5.242111206,3.945111036,3.995388985,3.648166656,3.817666531,3.23777771,3.614333391,3.58138895
1630738799999,9/4/21 7:00,5.585944176,4.396999836,4.583000183,4.673055649,4.127444267,3.141611099,4.387777805,3.638333321
1630742399999,9/4/21 8:00,5.004833221,5.173500061,5.927111149,4.669444561,5.498666763,3.229888916,5.254555702,4.395111084
1630745999999,9/4/21 9:00,5.217611313,4.655722141,4.804555416,4.43338871,4.854444504,3.168444395,4.137277603,3.919222116
1630749599999,9/4/21 10:00,5.086666584,4.550000191,4.537166595,4.1875,4.257333279,3.107833385,4.281833172,3.948666573
1630753199999,9/4/21 11:00,4.998222351,4.524222374,4.708833218,4.024888992,4.323333263,3.43416667,4.007777691,3.851166725
1630756799999,9/4/21 12:00,5.125444412,3.930777788,4.200944424,3.830444574,4.100389004,3.188444376,3.855944395,8.899055481
1630760399999,9/4/21 13:00,5.129611015,4.896333218,4.755888939,4.086277962,4.79766655,3.277055502,4.000055313,4.266944408
1630763999999,9/4/21 14:00,4.992111206,4.391166687,4.507777691,4.060277939,4.223610878,3.113333225,4.001777649,3.789999962
1630767599999,9/4/21 15:00,5.08949995,6.243222237,4.601888657,4.04472208,4.749555588,3.206666708,4.323999882,4.504611015
1630771199999,9/4/21 16:00,5.08544445,4.521277905,4.790166855,3.965944529,4.123111248,3.346555471,3.752111197,3.818555593
1630774799999,9/4/21 17:00,4.948611259,3.88644433,3.888277769,3.623777866,4.084888935,3.215111017,3.734333277,3.890611172
1630778399999,9/4/21 18:00,5.569388866,4.325222015,3.924388885,3.640277863,3.934222221,3.117444515,3.766166687,3.682166576
1630781999999,9/4/21 19:00,4.967222214,4.061277866,4.083499908,3.679555416,3.891722202,3.062388897,4.255444527,3.544611216
1630785599999,9/4/21 20:00,4.827111244,4.029110909,4.073111057,6.645444393,3.982888937,3.220166683,3.638111115,3.45855546
1630789199999,9/4/21 21:00,5.043444633,7.982666492,4.216944695,3.80361104,3.977833271,3.235833406,3.620388985,3.521888971
1630792799999,9/4/21 22:00,6.969222069,4.420777798,4.161555767,4.061833382,4.181777954,3.102277756,5.338833332,5.66866684
1630796399999,9/4/21 23:00,4.838666439,3.930999994,4.490944386,3.984944344,7.731833458,4.345889091,4.966499805,3.552222252
1630799999999,9/5/21 0:00,5.128111362,3.936500072,7.227221966,3.592499971,3.713666677,3.09766674,3.639222145,3.833388805
1630803599999,9/5/21 1:00,4.915500164,3.848666668,4.076388836,3.868666649,3.72966671,3.007555485,3.780611038,3.524555445
1630807199999,9/5/21 2:00,4.909888744,3.80361104,3.996888876,3.767166615,3.984555721,3.306277752,3.890666723,3.533055544
1630810799999,9/5/21 3:00,5.40644455,3.861111164,3.916777849,3.6915555,3.754666567,3.061222315,3.549722195,3.53399992
1630814399999,9/5/21 4:00,4.847888947,3.790389061,3.968499899,7.254444122,3.883944511,3.073888779,3.771222115,3.454555511
1630817999999,9/5/21 5:00,4.744888783,3.76444459,4.017833233,3.456666708,3.72822237,2.987611055,3.651388884,3.378222227
1630821599999,9/5/21 6:00,5.110610962,3.884000063,3.924944401,3.625611067,3.806388855,3.071444511,3.548388958,3.403944492
1630825199999,9/5/21 7:00,5.527111053,4.629555702,3.968833447,3.895777702,3.679833412,2.981611013,4.074944496,3.424055576
1630828799999,9/5/21 8:00,5.186222076,5.839388847,3.825055599,3.472166538,3.760277748,3.282166719,7.38461113,3.501388788
1630832399999,9/5/21 9:00,4.944444656,3.855055571,3.882444382,3.517111063,3.748389006,3.058722258,3.554611206,3.362277746
1630835999999,9/5/21 10:00,5.044166565,3.99444437,3.971333265,3.579611063,3.890222311,3.017111063,3.449388981,3.511166573
1630839599999,9/5/21 11:00,4.889555454,4.111833096,3.780444384,3.404888868,3.825333357,3.423888922,3.510666609,3.572222233
1630843199999,9/5/21 12:00,5.125444412,3.921833277,4.18083334,3.446055412,3.767111063,3.219277859,3.492166758,3.56177783
1630846799999,9/5/21 13:00,4.947333336,4.017889023,3.805166721,3.566944361,3.876833439,3.206500053,3.488500118,3.435444355
1630850399999,9/5/21 14:00,4.983444214,4.635833263,3.878222227,3.541388988,3.659111023,3.070499897,3.625333309,3.425833225
1630853999999,9/5/21 15:00,5.203999996,6.128944397,3.773833275,3.431277752,4.254000187,3.121388912,3.549666643,4.22411108
1630857599999,9/5/21 16:00,5.177833557,4.340833187,3.872888803,3.479611158,3.803666592,3.026333332,3.729555607,3.4312222
1630861199999,9/5/21 17:00,22.86661148,19.61933327,20.22327805,17.70672226,18.19199944,17.68605614,20.88588905,18.10216713
1630864799999,9/5/21 18:00,6.817055702,7.859111309,5.209166527,4.134055614,5.151166916,3.113333225,4.551055431,5.121277809
1630868399999,9/5/21 19:00,5.212110996,6.118000031,4.160888672,3.915944338,3.425055504,3.09911108,3.221277714,3.083277702
1630871999999,9/5/21 20:00,4.54066658,3.527555466,3.558222294,3.122333288,3.396222115,2.97966671,3.767611027,3.017444372
1630875599999,9/5/21 21:00,4.780388832,4.248610973,3.797111034,3.795944452,3.369222164,4.315611362,3.271777868,2.999833345
1630879199999,9/5/21 22:00,4.874888897,5.665999889,4.329777718,5.947222233,3.708777666,2.981999874,3.679722309,3.381833315
1630882799999,9/5/21 23:00,4.597166538,3.693388939,7.18461132,3.191055536,3.41050005,3.235055685,3.376055717,3.254277706
1630886399999,9/6/21 0:00,6.554999828,7.782833099,3.541222334,3.079944372,7.08283329,2.942666769,6.244389057,5.644722462
1630889999999,9/6/21 1:00,4.997499943,3.632944584,3.647777796,3.103666782,3.388888836,3.119944572,3.23927784,3.115999937
1630893599999,9/6/21 2:00,4.619888783,3.628166676,3.592666626,4.461666584,23.19244385,15.43844509,3.300889015,3.173500061
1630897199999,9/6/21 3:00,4.661055565,3.553888798,3.657777786,21.75511169,4.851388931,9.088000298,3.204722166,14.74233341
1630900799999,9/6/21 4:00,15.36083317,3.588722229,3.511888981,3.583777666,3.390333414,2.909388781,10.97311115,19.52083397
1630904399999,9/6/21 5:00,4.573389053,3.361111164,3.494111061,3.163000107,3.453111172,3.050444365,17.5933342,3.175889015
1630907999999,9/6/21 6:00,4.807222366,6.095166683,5.438000202,4.763000011,3.743055582,3.002444506,3.295666695,3.029777765
1630911599999,9/6/21 7:00,5.380833149,17.38716698,14.20588875,14.75594425,15.61905575,3.350722313,14.24716663,18.73594475
1630915199999,9/6/21 8:00,5.824333191,45.51272202,51.19472122,26.766222,42.07405472,3.703944445,32.77444458,42.42983246
1630918799999,9/6/21 9:00,7.071944237,42.63777924,58.20466614,26.24277878,36.8769455,3.511833429,35.28844452,43.29516602
1630922399999,9/6/21 10:00,6.758833408,39.80355453,54.26055527,28.28149986,35.12211227,3.556055546,32.83816528,36.1914444
1630925999999,9/6/21 11:00,6.524333477,38.62077713,34.97455597,22.67305565,31.08922195,3.681999922,26.63655472,31.64088821
1630929599999,9/6/21 12:00,6.568110943,36.85494614,32.45127869,18.80083275,31.80088806,3.871888876,21.23477745,49.3651123
1630933199999,9/6/21 13:00,5.672444344,39.60594559,44.37716675,29.59522247,35.78900146,3.667333364,22.36655617,42.05361176
1630936799999,9/6/21 14:00,5.311500072,40.870224,46.38027954,25.37927818,32.98627853,3.572166681,25.21033287,38.67722321
1630940399999,9/6/21 15:00,4.97300005,43.52639008,47.0561676,16.53616714,34.68284225,3.457944393,27.52405548,38.3358345
1630943999999,9/6/21 16:00,5.115555763,38.57588959,37.06661224,14.88716698,32.82699966,3.466111183,26.15455627,36.62466431
1630947599999,9/6/21 17:00,5.094277859,14.25761127,17.43300056,10.03633308,11.51150036,3.240111113,9.790499687,9.921111107
1630951199999,9/6/21 18:00,4.948111057,7.390333176,6.211055279,8.330944061,8.471777916,3.039999962,5.356333256,4.297555447
1630954799999,9/6/21 19:00,5.066721916,4.623610973,4.896333218,5.029333115,5.664444447,3.113055468,3.81438899,3.751999855
1630958399999,9/6/21 20:00,4.651000023,4.046277523,6.924499989,4.045944214,3.559499979,3.037944555,3.922833443,3.294222116
1630961999999,9/6/21 21:00,4.489444256,4.569333076,3.729833364,3.546666622,3.801500082,3.737111092,3.629499912,3.254666567
1630965599999,9/6/21 22:00,4.625611305,4.451833248,7.118444443,3.27516675,3.547499895,2.993833303,4.23633337,6.067500114
1630969199999,9/6/21 23:00,5.638444424,4.784888744,4.291055679,6.53111124,6.871333122,4.363833427,3.556499958,3.317222118
1630972799999,9/7/21 0:00,4.81799984,7.335833549,3.747555494,3.270055532,3.959555626,3.005888939,6.817055702,3.534166574
1630976399999,9/7/21 1:00,6.005111217,3.756500006,3.682111025,3.187444448,3.434666634,2.994777679,3.419389009,10.42772198
1630979999999,9/7/21 2:00,4.672444344,3.854388952,3.841500044,3.57616663,3.492555618,2.988666534,3.500555515,22.45516586
1630983599999,9/7/21 3:00,4.874055386,4.128611088,3.840777874,3.264111042,3.422166586,3.025111198,3.635111094,3.311110973
1630987199999,9/7/21 4:00,4.565500259,3.680388927,3.957999945,3.197166681,4.212444305,3.047222137,3.454166651,3.134888887
1630990799999,9/7/21 5:00,4.668833256,4.2540555,3.777555466,3.756944418,3.531499863,3.104055643,3.634555578,3.342388868
1630994399999,9/7/21 6:00,5.008722305,5.912000179,5.165888786,3.493388891,3.657166719,3.112999916,3.392444372,3.283055544
1630997999999,9/7/21 7:00,5.655666828,13.3540554,22.00366783,15.93011093,24.99105453,3.398499966,17.01627731,18.35211182
1631001599999,9/7/21 8:00,6.120722294,25.33138847,36.77055359,34.84561157,40.90988922,3.618777752,32.19566727,51.90422058
1631005199999,9/7/21 9:00,7.035222054,30.00605583,40.40611267,33.36327744,36.53216553,3.495333433,32.82194519,50.83744431
1631008799999,9/7/21 10:00,6.780944347,23.96394348,36.0561676,31.45533371,41.9280014,3.476944447,27.36938858,52.9960556
1631012399999,9/7/21 11:00,5.101444244,19.07188797,33.71816635,26.57233238,39.89111328,3.53733325,28.33322144,49.284832
1631015999999,9/7/21 12:00,4.857944489,20.02394485,31.89116669,24.87211037,33.60649872,3.375888824,25.04072189,44.05211258
1631019599999,9/7/21 13:00,4.839000225,27.44205475,35.9663353,32.70055389,35.60250092,3.767166615,32.0367775,36.90299988
1631023199999,9/7/21 14:00,4.816833496,23.88388824,33.69311142,33.91294479,35.03627777,3.57544446,28.67916679,36.25260925
1631026799999,9/7/21 15:00,5.044000149,35.77639008,46.25500107,36.89411163,30.46572304,3.517944336,23.16049957,35.52827835
1631030399999,9/7/21 16:00,7.841722488,29.55211067,36.42216492,34.00144577,24.4556675,3.516499996,27.42494392,33.97661209
1631033999999,9/7/21 17:00,5.385611057,19.10183334,12.08300018,14.98149967,14.36722183,3.220277786,11.16250038,8.208666801
1631037599999,9/7/21 18:00,4.701666832,9.084111214,6.908888817,6.084166527,13.05500031,3.050499916,5.547166824,3.696944475
1631041199999,9/7/21 19:00,5.17122221,8.10577774,4.162777901,4.295166492,5.651722431,3.054277897,3.930777788,4.183833122
1631044799999,9/7/21 20:00,4.570222378,5.572555542,3.847166538,3.843444586,3.495666742,3.088944435,4.101277828,3.28588891
1631048399999,9/7/21 21:00,4.587222099,4.783833027,4.231888771,6.491777897,3.560666561,3.1106112,3.468499899,3.367000103
1631051999999,9/7/21 22:00,4.756499767,7.90755558,4.555166721,3.425777674,3.62644434,2.979555607,6.36544466,5.052444458
1631055599999,9/7/21 23:00,4.78661108,5.033222198,4.352333546,3.354944468,6.891222477,3.345444441,3.546833277,3.848277807
1631059199999,9/8/21 0:00,6.538666725,4.392611027,3.719444513,3.312555552,3.64055562,3.993444443,3.569222212,3.219833374
1631062799999,9/8/21 1:00,4.682166576,3.695888996,7.834777832,3.416388988,4.145833492,3.056666613,3.41899991,3.54399991
1631066399999,9/8/21 2:00,4.697555542,3.942500114,19.43361092,3.626944542,3.490999937,3.280166626,3.48927784,3.246000051
1631069999999,9/8/21 3:00,4.70527792,3.526000023,9.933111191,3.241111279,3.601111174,3.05988884,3.472444534,3.29694438
1631073599999,9/8/21 4:00,4.623888969,3.859611034,3.751499891,3.348555565,3.798611164,3.034611225,3.478111029,3.446833372
1631077199999,9/8/21 5:00,4.540555477,4.089944363,3.814944506,3.188777924,3.526277781,3.065277815,3.417944431,3.123500109
1631080799999,9/8/21 6:00,4.877166748,3.843722105,5.500055313,5.015055656,4.523055553,3.128777742,4.338777542,3.24811101
1631084399999,9/8/21 7:00,5.626277924,16.20033264,25.05638885,19.36400032,18.8548336,3.58911109,13.29355526,14.59816647
1631087999999,9/8/21 8:00,7.915833473,42.63366699,43.62477875,34.07311249,29.21577835,3.561444521,16.78105545,27.09861183
1631091599999,9/8/21 9:00,4.785888672,42.11861038,46.7919426,35.51416779,30.08283234,3.420222282,17.23161125,26.09961128
1631095199999,9/8/21 10:00,4.811833382,47.82494354,39.38205719,36.71933365,30.11805534,3.397500038,20.52933311,25.34266663
1631098799999,9/8/21 11:00,4.97555542,44.66261292,33.43455505,25.09111023,21.99361038,3.344166756,19.67027855,24.96450043
1631102399999,9/8/21 12:00,4.92122221,45.46199799,31.2056675,20.76144409,20.5830555,3.245722294,17.28855515,21.27066612
1631105999999,9/8/21 13:00,4.767277718,46.32705688,37.02577972,28.41622162,20.95261192,3.806111097,27.94272232,24.59816742
1631109599999,9/8/21 14:00,4.694944382,44.43461227,35.74122238,26.01361084,19.94161034,3.570833445,27.5941658,25.35494423
1631113199999,9/8/21 15:00,6.605500221,46.89222336,35.08144379,24.32372284,20.58733368,3.389944553,24.69599915,26.59194374
1631116799999,9/8/21 16:00,5.052277565,38.29944611,35.09722137,21.75305557,16.2140007,3.465222359,24.09038925,20.54183388
1631120399999,9/8/21 17:00,5.00955534,15.31688881,13.27977753,8.47816658,6.666277885,3.392055511,7.552499771,8.514888763
1631123999999,9/8/21 18:00,4.762444496,8.82322216,7.637555599,5.570944309,4.362055302,3.115333319,5.023166656,3.484166622
1631127599999,9/8/21 19:00,4.586555481,4.604888916,4.031222343,4.02438879,4.095777988,3.068166733,4.03949976,3.653277874
1631131199999,9/8/21 20:00,5.230610847,4.066166878,3.685722351,3.43011117,3.589555502,3.170555592,3.479111195,3.29399991
1631134799999,9/8/21 21:00,4.814499855,4.696000099,4.579999924,3.583944321,3.781222343,4.321222305,3.949333429,3.209111214
1631138399999,9/8/21 22:00,4.712555408,5.703333378,4.749666691,3.286833286,3.653944492,3.120500088,6.431777954,3.324666739
1631141999999,9/8/21 23:00,6.954444408,7.294055462,4.530722141,3.514333248,3.583722115,3.432222128,3.46338892,3.287889004
1631145599999,9/9/21 0:00,4.589166641,4.384778023,6.941055775,6.288166523,6.730722427,3.070222139,3.381722212,5.331611156
1631149199999,9/9/21 1:00,4.498444557,3.863222361,3.672555447,3.307944536,3.995388985,3.132277727,3.566888809,3.256555557
1631152799999,9/9/21 2:00,5.061777592,3.680000067,4.409500122,3.376222134,3.800499916,3.037055492,3.384833336,3.588333368
1631156399999,9/9/21 3:00,5.002777576,3.626499891,3.604833364,3.300722122,3.488888741,3.049222231,3.773611069,3.312722206
1631159999999,9/9/21 4:00,4.80288887,3.929111004,3.641333342,3.393000126,3.553499937,3.15350008,3.443555593,3.254444361
1631163599999,9/9/21 5:00,4.784833431,3.697944403,3.638166666,3.234944344,3.542111158,3.042611122,3.470666647,3.202000141
1631167199999,9/9/21 6:00,5.087055206,5.684055328,4.258388996,4.585888863,3.455888987,3.203888893,3.799000025,3.206055641
1631170799999,9/9/21 7:00,5.50255537,13.89544392,14.29111099,15.88061142,17.16583252,3.287722111,20.6238327,11.42516708
1631174399999,9/9/21 8:00,7.067777634,37.19772339,39.07489014,40.39188766,45.22600174,3.55361104,32.18305588,27.77183342
1631177999999,9/9/21 9:00,7.224500179,32.51244354,41.24927902,43.82066727,45.50588989,4.092999935,32.32049942,25.52466583
1631181599999,9/9/21 10:00,7.233888626,35.42155457,46.73838806,42.60933304,51.10060883,3.500222206,32.14060974,28.78944397
1631185199999,9/9/21 11:00,6.791777611,33.74222183,41.54644394,29.00049973,41.43933487,3.475111008,32.43283463,26.40011024
1631188799999,9/9/21 12:00,4.719110966,29.23311043,37.73238754,21.07544518,36.77894592,3.304833412,25.72299957,22.2654438
1631192399999,9/9/21 13:00,4.918777943,38.65927887,45.00755692,24.78877831,42.63161087,3.797222137,24.67900085,23.88433266
1631195999999,9/9/21 14:00,4.856666565,42.57110977,50.04410934,26.02622223,39.21927643,3.49000001,24.74133301,24.99650002
1631199599999,9/9/21 15:00,4.867777824,44.10177612,52.89816666,31.22355652,45.18833542,3.494833469,24.12233353,24.16950035
1631203199999,9/9/21 16:00,8.018777847,36.49216843,52.04694366,38.37788773,35.17866516,3.908722162,18.74950027,20.00933266
1631206799999,9/9/21 17:00,5.528333187,20.85549927,12.66472244,21.42988968,15.99044418,3.345277786,6.437944412,7.702388763
1631210399999,9/9/21 18:00,5.216111183,5.216610909,4.974888802,11.89900017,7.337833405,3.229333401,4.105333328,4.437277794
1631213999999,9/9/21 19:00,4.584444523,4.778277874,4.13166666,5.841222286,4.561333179,3.071833372,3.800444365,3.565888882
1631217599999,9/9/21 20:00,5.109555721,4.833222389,4.134722233,5.898499966,3.450333357,3.060166597,3.698388815,3.743166685
1631221199999,9/9/21 21:00,4.556889057,4.030611038,3.999055386,3.650111198,3.768611193,3.21600008,3.485388756,3.274833441
1631224799999,9/9/21 22:00,6.787111282,8.588166237,4.562277794,3.377777815,7.032277584,3.127055645,7.155722141,3.497611046
1631228399999,9/9/21 23:00,4.584888935,3.875499964,4.427499771,6.457444668,3.669722319,3.436500072,3.487444401,5.712833405
1631231999999,9/10/21 0:00,4.461833477,4.44305563,6.419944763,3.359166622,3.544111252,4.185111046,3.427000046,3.207333326
1631235599999,9/10/21 1:00,4.609000206,3.640166759,4.112999916,3.335277796,3.662777901,2.976055622,3.357166767,3.212055445
1631239199999,9/10/21 2:00,4.53666687,3.86133337,3.705666542,3.57655549,4.113277912,3.17266655,3.426499844,3.703222275
1631242799999,9/10/21 3:00,4.845444679,3.601500034,3.95377779,3.285055637,3.549722195,3.102833271,3.657944441,3.302611113
1631246399999,9/10/21 4:00,4.459111214,3.924444437,3.647722244,3.206166744,3.559277773,3.216388941,3.49111104,3.251777649
1631249999999,9/10/21 5:00,4.577166557,4.508444309,3.648833275,3.479277611,3.622888803,3.163444519,3.442222118,3.373166561
1631253599999,9/10/21 6:00,4.969388962,4.111222267,4.723666668,4.581222057,4.802389145,3.195222139,4.022889137,3.217722178
1631257199999,9/10/21 7:00,5.432277679,23.41338921,15.99455547,11.43777752,17.45472145,3.553388834,17.5929451,15.86522198
1631260799999,9/10/21 8:00,7.499055386,41.94494629,43.04605484,29.80877686,33.53655624,3.836111069,35.94833374,38.7179451
1631264399999,9/10/21 9:00,6.894555569,41.84761047,42.14949799,30.83522224,33.06311035,3.875222206,38.81816864,38.93811035
1631267999999,9/10/21 10:00,6.726333141,42.95516586,48.34583282,28.75566673,32.18661118,3.529666662,41.65366745,41.72227859
1631271599999,9/10/21 11:00,6.771333218,40.01161194,37.88244629,25.69711113,24.0229454,3.405777693,34.16877747,38.09589005
1631275199999,9/10/21 12:00,6.527166843,34.93133163,39.05716705,25.296278,22.11122131,3.401111126,28.27522278,32.47433472
1631278799999,9/10/21 13:00,6.001777649,37.9636116,50.87955475,24.74988937,18.7381115,3.609888792,33.26277924,32.19060898
1631282399999,9/10/21 14:00,6.493888855,37.54377747,49.44855499,23.99372292,21.34505463,3.866333246,36.08666611,38.34044647
1631285999999,9/10/21 15:00,6.250444412,39.92850113,45.17477798,24.54433441,22.4687233,3.529777765,35.81311035,41.52088928
1631289599999,9/10/21 16:00,5.369222164,34.49811172,48.65266418,21.25138855,14.17066669,3.460555553,30.86666679,36.5284996
1631293199999,9/10/21 17:00,5.047166824,8.138555527,12.14022255,8.090999603,9.965499878,3.282166719,11.67944431,12.22216702
1631296799999,9/10/21 18:00,4.703999996,4.722499847,4.721611023,5.579333305,5.599444389,3.143055439,6.693500042,5.713944435
1631300399999,9/10/21 19:00,4.519777775,4.76372242,4.84100008,4.31400013,3.856055498,3.112277746,3.519999981,4.144721985
1631303999999,9/10/21 20:00,4.534777641,5.359555721,3.87761116,3.622277737,3.605000019,3.214555502,3.404666662,3.549777746
1631307599999,9/10/21 21:00,5.089777946,4.24450016,3.775777817,3.844777822,3.695944548,3.148222208,3.435944557,3.801055431
1631311199999,9/10/21 22:00,4.738277912,3.615833282,3.991499901,3.514111042,3.712722301,4.41566658,3.734388828,5.276111126
1631314799999,9/10/21 23:00,4.543388844,3.885944366,4.288666725,6.47405529,6.819388866,3.552944422,6.46333313,3.482888937
1631318399999,9/11/21 0:00,6.654333115,7.367666721,4.002944469,3.382444382,3.542611122,3.171333313,3.414888859,3.315777779
1631321999999,9/11/21 1:00,4.671444416,4.565499783,6.842222214,3.553333282,3.454611063,3.335944414,3.444000006,3.395166636
1631325599999,9/11/21 2:00,4.570611,15.48433304,3.908722162,3.338000059,4.177000046,3.365222216,3.413555622,3.553444386
1631329199999,9/11/21 3:00,4.815000057,3.761777878,3.794833422,3.660444498,3.513055563,3.3125,3.584000111,3.496000051
1631332799999,9/11/21 4:00,4.525777817,3.794944525,3.8106668,3.426222086,3.734611034,3.185111046,3.353277683,3.342611074
1631336399999,9/11/21 5:00,4.591499805,3.638222218,3.778555632,3.395277739,3.536722183,3.29399991,3.353555679,3.386610985
1631339999999,9/11/21 6:00,5.03661108,3.582777739,4.046500206,3.370277882,3.48594451,3.159111261,3.41788888,3.240555525
1631343599999,9/11/21 7:00,5.287833214,5.329500198,4.808055401,4.600944519,3.769166708,3.258444548,4.519388676,3.483611107
1631347199999,9/11/21 8:00,4.858444214,5.195111275,5.333611012,4.8084445,4.765500069,3.316833258,5.18055582,3.777111053
1631350799999,9/11/21 9:00,4.808833122,4.430999756,4.59800005,4.27444458,4.314333439,3.211277723,4.702777863,3.594777822
1631354399999,9/11/21 10:00,4.713999748,4.613444328,8.595000267,3.72561121,4.220444202,3.174277782,4.736111164,5.544277668
1631357999999,9/11/21 11:00,4.776888847,4.22705555,4.356722355,3.721055508,4.246944427,3.166722298,4.346388817,3.491222143
1631361599999,9/11/21 12:00,4.595444679,7.201722145,4.204888821,3.584777832,4.084610939,3.145944595,3.958499908,4.127166748
1631365199999,9/11/21 13:00,4.7378335,8.77994442,5.022388935,4.091277599,4.030222416,3.217111111,3.618888855,3.796888828
1631368799999,9/11/21 14:00,4.67788887,8.036277771,5.130666733,3.825833321,3.665111065,3.164722204,3.563889027,3.566277742
1631372399999,9/11/21 15:00,4.790166855,6.058610916,4.910333157,3.420888901,4.186722279,3.610333204,3.617944479,4.169333458
1631375999999,9/11/21 16:00,4.618833542,3.915611029,4.180055618,3.53399992,3.848277807,3.117666721,3.651444435,3.573277712
1631379599999,9/11/21 17:00,4.88572216,3.834111214,3.961499929,3.436555624,3.651777744,3.232055426,3.654555559,3.318166733
1631383199999,9/11/21 18:00,4.585666656,3.55511117,3.863888979,3.456666708,3.565777779,3.073388815,3.466111183,3.277555466
1631386799999,9/11/21 19:00,4.504499912,4.302999973,4.414111137,3.412055492,3.619666576,3.087944508,3.521222115,3.386333227
1631390399999,9/11/21 20:00,4.656277657,3.813111067,3.900277853,3.478499889,3.522722244,3.080944538,3.363777876,3.364111185
1631393999999,9/11/21 21:00,4.834666729,3.688666582,3.747722149,6.321278095,3.53105545,3.283944368,3.412555456,3.170000076
1631397599999,9/11/21 22:00,5.127222061,4.45522213,3.880444527,3.253388882,3.687888861,4.318666458,3.555222273,3.493000031
1631401199999,9/11/21 23:00,4.69566679,7.352666855,4.329222202,3.31177783,3.674388885,3.511388779,6.952111244,5.458166599
1631404799999,9/12/21 0:00,6.568944454,3.68677783,3.757888794,3.357944489,3.369833231,3.310111046,3.296777725,3.214611053
1631408399999,9/12/21 1:00,4.573333263,4.177111149,7.226388931,3.289833307,6.562944412,4.093722343,3.340166569,3.371388912
1631411999999,9/12/21 2:00,4.622499943,4.59761095,3.81394434,3.239888906,3.675055504,3.409277678,3.420333385,3.351666689
1631415599999,9/12/21 3:00,6.602555275,3.707944393,3.746999979,5.873333454,4.269666672,3.198777676,3.448666573,3.805000067
1631419199999,9/12/21 4:00,4.591388702,3.502388954,3.979888916,3.995277882,3.562999964,3.183555603,3.835000038,3.213888884
1631422799999,9/12/21 5:00,4.613055706,3.70638895,3.741277695,3.372277737,3.573111057,3.34433341,3.442500114,3.271611214
1631426399999,9/12/21 6:00,4.993999958,3.550055504,3.673500061,3.14127779,3.559999943,3.292500019,3.387444496,3.227777719
1631429999999,9/12/21 7:00,5.365166664,3.857555628,4.052777767,4.278888702,3.664888859,3.334000111,4.078111172,3.458277702
1631433599999,9/12/21 8:00,4.880888939,3.943222046,3.760388851,3.294000149,3.572444439,3.309777737,3.439166546,3.302055597
1631437199999,9/12/21 9:00,4.746944427,4.775610924,3.861277819,3.237166643,3.611166477,3.110333443,3.40233326,3.17750001
1631440799999,9/12/21 10:00,4.734222412,4.200666904,3.684833288,3.31844449,3.65566659,3.20855546,3.474888802,3.183055639
1631444399999,9/12/21 11:00,4.740555763,3.8021667,3.672833443,3.221833229,3.658666611,3.094555616,3.517944336,3.221611023
1631447999999,9/12/21 12:00,4.719110966,3.746500015,3.664055586,3.162611008,3.415499926,2.999666691,3.420000076,3.10872221
1631451599999,9/12/21 13:00,4.767222404,4.842944145,3.705166578,3.221111059,3.460166693,3.011833429,3.535666704,3.057388783
1631455199999,9/12/21 14:00,4.793666363,4.921888828,4.296555519,3.200944424,3.556777716,3.119277716,3.335333347,3.155277729
1631458799999,9/12/21 15:00,4.599333286,6.856277943,3.789000034,3.181388855,4.096277714,3.57249999,3.395999908,3.868055582
1631462399999,9/12/21 16:00,5.499888897,3.905944347,3.917500019,3.292555571,3.536444426,3.108500004,3.355055571,3.186722279
1631465999999,9/12/21 17:00,4.927666664,5.711444378,4.265833378,3.244999886,3.817944527,3.223944426,3.656888962,3.371833324
1631469599999,9/12/21 18:00,4.782166481,6.61827755,3.733611107,3.253611088,3.507277727,3.098944426,3.371166706,3.24855566
1631473199999,9/12/21 19:00,4.655499935,4.204222202,3.770611048,3.304111004,3.820111036,3.004777908,3.309666634,3.304055691
1631476799999,9/12/21 20:00,4.842944622,4.454389095,4.260889053,3.232333422,3.779000044,3.070166588,3.40494442,3.206333399
1631480399999,9/12/21 21:00,4.812722206,5.435111046,3.66161108,3.53661108,3.608277798,3.08911109,3.653222322,3.093611002
1631483999999,9/12/21 22:00,5.454777718,8.063333511,3.843389034,3.430333376,3.859944344,3.002111197,6.626944542,5.40899992
1631487599999,9/12/21 23:00,4.698888779,4.352444649,7.484333515,6.435777664,6.851666927,3.332166672,4.146999836,3.16161108
1631491199999,9/13/21 0:00,4.559166431,3.809611082,3.616722107,3.276666641,3.559999943,4.185444355,3.372888803,3.205722332
1631494799999,9/13/21 1:00,6.938666821,3.759444475,3.79327774,3.230000019,3.620277882,3.048888922,3.425666809,3.147500038
1631498399999,9/13/21 2:00,4.627388954,4.517444611,3.784389019,3.240722179,3.602499962,3.171555519,3.364111185,3.091388941
1631501999999,9/13/21 3:00,4.677999973,3.690277815,3.666166544,3.289055586,4.02177763,3.017166615,3.498055458,3.539999962
1631505599999,9/13/21 4:00,4.61538887,3.698499918,4.032999992,3.172777891,3.587333441,3.1106112,3.54066658,3.188833237
1631509199999,9/13/21 5:00,4.747055531,4.028777599,4.087555408,3.18416667,3.560555458,3.065055609,3.528277874,3.193555593
1631512799999,9/13/21 6:00,4.95672226,4.67672205,5.51361084,4.320444584,4.126333237,3.266555548,4.217333317,4.315999985
1631516399999,9/13/21 7:00,5.574110985,18.68133354,11.88216686,16.01099968,13.32044411,3.547055483,14.8245554,22.77672195
1631519999999,9/13/21 8:00,8.475722313,42.09544373,24.34761047,36.16294479,35.5589447,5.322444439,34.19505692,61.80005646
1631523599999,9/13/21 9:00,6.397999763,38.71277618,24.8765564,40.32616806,31.8033886,2.581888914,30.95716667,57.83766556
1631527199999,9/13/21 10:00,5.610499859,43.79572296,22.39894485,38.79872131,30.81905556,2.535611153,26.50761223,57.17900085
1631530799999,9/13/21 11:00,3.988666534,39.49655533,18.32966614,35.97177887,26.93872261,2.462888956,26.92888832,56.2483902
1631534399999,9/13/21 12:00,3.791277885,39.30144501,17.42927742,27.45388794,23.03305626,2.466444492,23.03572273,54.4062767
1631537999999,9/13/21 13:00,3.946000099,42.77127838,21.63011169,30.1756115,29.46272278,2.781555653,20.74055481,55.32283401
1631541599999,9/13/21 14:00,4.014555454,42.95216751,21.07311058,30.18538857,32.8706665,2.621500015,18.46022224,56.64049911
1631545199999,9/13/21 15:00,4.085055351,39.74222183,19.75527763,25.88627815,28.74727821,2.706277847,21.90611076,54.72572327
1631548799999,9/13/21 16:00,3.987888813,42.48344421,18.72238922,24.36372185,26.07655525,2.903222322,23.64988899,46.1665535
1631552399999,9/13/21 17:00,4.213500023,15.40933323,11.53377724,13.88322163,10.71172237,2.702388763,11.74772263,16.77455521
1631555999999,9/13/21 18:00,4.191277504,4.497055531,5.304944515,5.232722282,4.965666771,2.329833269,6.216610909,8.61838913
1631559599999,9/13/21 19:00,3.59838891,3.856666565,3.507222176,2.912166595,6.970222473,2.229388952,3.044833422,3.066666603
1631563199999,9/13/21 20:00,3.785833359,4.697888851,3.503499985,2.514277697,3.331277847,2.337277889,2.598555565,2.58694458
1631566799999,9/13/21 21:00,3.565277815,2.86761117,2.743444443,4.919111252,3.032833338,2.419833422,2.891722202,2.549000025
1631570399999,9/13/21 22:00,4.125888824,2.972166538,2.980111122,2.815388918,6.172611237,2.335666656,6.105166435,2.649777889
1631573999999,9/13/21 23:00,3.735277653,2.804944515,2.823388815,2.457888842,2.965055466,3.887222052,2.691777706,2.688499928
1631577599999,9/14/21 0:00,5.817888737,6.368166447,5.663444519,2.404888868,2.856555462,2.239888906,3.175111055,5.026777744
1631581199999,9/14/21 1:00,3.625444412,2.877000093,3.235222101,2.408722162,2.800222158,2.525666714,2.625388861,2.545777798
1631584799999,9/14/21 2:00,3.73372221,3.072444439,2.974277735,2.597166538,3.040222168,2.304444551,2.609388828,2.773944378
1631588399999,9/14/21 3:00,3.813277721,3.635666609,2.787444353,2.539444447,3.336444378,2.277444363,2.654555559,2.573722124
1631591999999,9/14/21 4:00,3.669610977,2.749333382,2.828111172,2.685166597,2.929722309,2.226222277,2.703555584,2.616833448
1631595599999,9/14/21 5:00,3.768555641,2.756055593,2.883277893,2.367777824,2.928388834,2.402666569,2.707333326,2.496333361
1631599199999,9/14/21 6:00,4.102611065,3.103388786,4.995999813,3.908222198,3.039055586,2.274555445,2.629666567,2.467111111
1631602799999,9/14/21 7:00,5.382333279,15.92211151,13.94816685,10.5041666,14.35588932,2.713055611,19.1447773,14.9671669
1631606399999,9/14/21 8:00,7.025444508,40.87177658,27.26911163,29.5533886,48.57816696,2.967111111,43.03922272,28.48800087
1631609999999,9/14/21 9:00,5.976888657,42.002388,23.11999893,30.10938835,52.94816589,2.664777756,43.37710953,25.3468895
1631613599999,9/14/21 10:00,6.20651865,43.34822083,25.86948204,31.67733383,50.44710922,2.789259195,43.11733246,26.76074028
1631617199999,9/14/21 11:00,5.777454376,35.01630402,28.25248528,24.3956356,39.86903,2.620545387,40.7024231,28.77115059
1631620799999,9/14/21 12:00,4.380777836,33.3516655,29.98761177,25.04116631,35.68572235,2.607500076,40.61700058,28.12277794
1631624399999,9/14/21 13:00,4.027944565,41.07694626,30.814888,20.84977722,34.49822235,2.805555582,50.30527496,26.87833405
1631627999999,9/14/21 14:00,3.926944494,40.81377792,32.93188858,21.33038902,39.13883209,2.852333307,53.50377655,33.25272369
1631631599999,9/14/21 15:00,5.868000031,38.12611008,32.39188766,23.67827797,39.65699768,2.863666773,54.60994339,33.29911041
1631635199999,9/14/21 16:00,5.767388821,34.04738998,31.29655647,18.79494476,33.92077637,3.27327776,47.15405655,29.76588821
1631638799999,9/14/21 17:00,5.029500008,12.97833347,9.802055359,7.335888863,10.11716652,2.714722157,15.29355526,11.27388859
1631642399999,9/14/21 18:00,3.960500002,6.732333183,5.143000126,3.969388962,4.255166531,2.453000069,5.52705574,4.128666878
1631645999999,9/14/21 19:00,3.842277765,3.718500137,3.036055565,2.96744442,3.614388943,2.436944485,2.813555479,3.332555532
1631649599999,9/14/21 20:00,3.66977787,4.561833382,2.969000101,2.747555494,2.816444397,2.367944479,2.94488883,3.148222208
1631653199999,9/14/21 21:00,3.763833284,2.8687222,3.752055645,2.758277655,2.733999968,2.437000036,2.748111248,2.532944441
1631656799999,9/14/21 22:00,3.581277847,3.128611088,5.94711113,5.153222084,2.933500051,2.312222242,5.577499866,2.73894453
1631660399999,9/14/21 23:00,6.394000053,3.753722191,3.068111181,2.599388838,5.858555794,2.608444452,2.606388807,2.562722206
1631663999999,9/15/21 0:00,3.667111158,7.148611069,2.760166645,2.535333395,2.925944328,3.600389004,2.640166759,2.550777674
1631667599999,9/15/21 1:00,3.767055511,2.975777864,3.033555508,2.629999876,2.759444475,2.314055443,3.181055546,4.98633337
1631671199999,9/15/21 2:00,3.938333273,2.836666584,2.854500055,2.521499872,2.7643888,2.365833282,2.632611036,2.625499964
1631674799999,9/15/21 3:00,4.066444397,2.857944489,2.790111065,2.558500051,2.787111044,2.298333406,2.664166689,2.618111134
1631678399999,9/15/21 4:00,4.134944439,3.707722187,3.050833225,2.429111004,3.321055651,2.425055504,2.517777681,2.671166658
1631681999999,9/15/21 5:00,3.667999983,4.457444668,2.846055508,2.502777815,2.857500076,2.430222273,2.587388992,2.731611252
1631685599999,9/15/21 6:00,4.200611115,4.759944439,4.884277821,3.253888845,3.235444546,2.399055481,3.043555498,2.601444483
1631689199999,9/15/21 7:00,4.512555599,18.35849953,12.37711143,13.14433384,10.35883331,2.903444529,18.68566704,14.10316658
1631692799999,9/15/21 8:00,5.941389084,34.48977661,37.06455612,30.52522278,22.43122292,2.902722359,42.35905457,36.32672119
1631696399999,9/15/21 9:00,3.966555595,35.01066589,40.88372421,30.18566704,19.88911057,2.655722141,45.06744385,35.95916748
1631699999999,9/15/21 10:00,4.101222038,35.09394455,40.08889008,32.34666824,26.93344498,2.667777777,51.69905472,40.52905655
1631703599999,9/15/21 11:00,4.039388657,33.34683228,30.31361008,31.26872253,24.3631115,2.648722172,49.18894577,34.9718895
1631707199999,9/15/21 12:00,3.944333315,29.6056118,21.63349915,23.93461037,19.65816689,2.462222099,39.38199997,26.37211227
1631710799999,9/15/21 13:00,5.12349987,35.82011032,24.52755547,33.72505569,18.14672089,2.843333244,38.22811127,33.75883484
1631714399999,9/15/21 14:00,6.008777618,39.84949875,26.63561058,39.14666748,24.6190567,8.337722778,41.09388733,46.56222153
1631717999999,9/15/21 15:00,4.732110977,37.84527588,22.02777863,49.0316658,25.10038948,2.900944471,35.90538788,46.21278
1631721599999,9/15/21 16:00,4.299110889,41.17739105,19.93899918,49.54377747,17.76655579,2.939888954,32.90027618,44.07389069
1631725199999,9/15/21 17:00,4.106722355,17.94616699,14.73644447,19.99994469,7.491333485,2.579444408,18.26277733,13.66194439
1631728799999,9/15/21 18:00,3.976500034,9.383610725,10.75444412,8.353777885,4.016222,2.371277809,5.978666782,4.276055336
1631732399999,9/15/21 19:00,3.70933342,4.129166603,8.482500076,3.263277769,3.064611197,2.228888988,3.155889034,2.752666712
1631735999999,9/15/21 20:00,3.733166695,4.682833195,7.631222248,2.888055563,3.104888916,2.389611006,3.043444395,2.900777817
1631739599999,9/15/21 21:00,3.962222099,7.02322197,4.536277771,2.848722219,2.882666588,2.453999996,2.984833241,2.55655551
1631743199999,9/15/21 22:00,6.108277798,3.664333344,2.922111034,11.05111122,5.947333336,2.373833418,2.605999947,2.496611118
1631746799999,9/15/21 23:00,4.200055599,7.079222202,6.103499889,2.77661109,2.763611078,2.514889002,8.242944717,2.678277731
1631750399999,9/16/21 0:00,3.675222158,2.877888918,6.752500057,2.541499853,2.739055634,3.457444429,2.943944454,2.572388887
1631753999999,9/16/21 1:00,3.589611053,2.830499887,2.862333298,2.70044446,2.785000086,2.426388979,3.162055492,5.079999924
1631757599999,9/16/21 2:00,3.961499929,2.949166775,3.039777756,2.595444441,2.9271667,2.347055674,2.66899991,5.181388855
1631761199999,9/16/21 3:00,4.066222191,3.418666601,2.942611217,2.537111044,2.713777781,2.317333221,2.706666708,2.61427784
1631764799999,9/16/21 4:00,3.661000013,3.466222286,3.109055519,2.517277718,3.378111124,2.268222094,2.596111059,2.630222321
1631768399999,9/16/21 5:00,3.784944534,3.32327795,2.85800004,2.550555468,2.762000084,2.535611153,2.692222118,2.591333389
1631771999999,9/16/21 6:00,17.75777817,3.3853333,5.211833477,3.809555531,4.111555576,2.302000046,2.833944559,2.557944536
1631775599999,9/16/21 7:00,17.82805634,14.52772236,11.58255577,15.98605537,13.29833317,2.617888927,14.96066666,11.68916702
1631779199999,9/16/21 8:00,7.779833317,32.9054451,28.02488899,58.77161026,28.67822266,2.910722256,38.48683167,27.35127831
1631782799999,9/16/21 9:00,19.08538818,35.01711273,34.8061676,59.98038864,25.85283279,4.785055637,40.07516479,24.93083191
1631786399999,9/16/21 10:00,17.4093895,30.50550079,40.69427872,60.04000092,27.50533295,2.737111092,39.12955475,24.98244476
1631789999999,9/16/21 11:00,25.54994392,26.43677711,34.60649872,60.74794388,26.13699913,2.772000074,39.53094482,15.46288872
1631793599999,9/16/21 12:00,13.0288887,26.78572273,34.38383484,57.57749939,24.77416611,2.503722191,38.67905426,11.17827797
1631797199999,9/16/21 13:00,12.83972263,34.03699875,39.08805466,56.79205704,19.51466751,2.787722349,40.1558876,23.21588898
1631800799999,9/16/21 14:00,18.91594505,30.25966644,41.18938828,60.67777634,19.21272278,2.809999943,43.84860992,35.870224
1631804399999,9/16/21 15:00,13.24288845,32.38911057,40.63022232,59.58499908,19.95216751,2.806999922,45.63838959,34.22288895
1631807999999,9/16/21 16:00,19.98555565,31.24633408,37.29338837,49.26338959,17.30127716,3.125055552,39.34316635,35.54310989
1631811599999,9/16/21 17:00,12.1536665,8.668777466,16.82088852,13.23311138,5.780889034,2.54694438,13.17672253,12.75694466
1631815199999,9/16/21 18:00,10.78077793,5.909555435,6.075110912,3.747555494,3.252444506,2.40977788,4.55838871,3.025722265
1631818799999,9/16/21 19:00,14.91654587,5.048909187,3.398000002,2.581515074,5.616666794,2.259212017,3.744606018,2.917757511
1631822399999,9/16/21 20:00,4.750484943,5.585999966,3.592606068,3.200848579,10.48357582,2.331030369,13.46290874,2.925939322
1631825999999,9/16/21 21:00,3.890666723,3.887666702,3.136399984,2.752533436,3.617533445,2.558399916,2.738800049,2.634400129
1631829599999,9/16/21 22:00,4.070733547,4.92053318,3.952666759,2.661066532,6.771933556,3.66079998,2.592000008,12.81026649
1631833199999,9/16/21 23:00,4.435555458,4.308148384,3.695185184,3.566962957,2.841259241,4.574074268,6.91044426,5.394296646
1631836799999,9/17/21 0:00,5.761333466,2.750833273,6.21483326,2.546444416,2.698722363,2.411000013,2.780944347,2.806499958
1631840399999,9/17/21 1:00,3.606555462,2.937722206,8.086055756,2.6897223,2.605999947,2.356611013,3.315555573,2.478555441
1631843999999,9/17/21 2:00,3.680466652,3.11680007,2.861866713,2.557800055,3.040600061,2.419133425,2.700733423,2.638333321
1631847599999,9/17/21 3:00,4.075200081,2.884066582,2.900933266,11.50826645,2.625933409,2.274533272,2.914533377,2.515266657
1631851199999,9/17/21 4:00,3.871878862,2.916484833,2.814969778,2.712727308,2.683575869,2.273030281,2.808848381,2.439151525
1631854799999,9/17/21 5:00,3.644303083,5.412606239,3.550181866,3.280181885,3.272121191,2.410787821,2.604303122,2.507636309
1631858399999,9/17/21 6:00,14.1300602,7.584545612,5.192666531,2.696424246,2.604242563,2.436848402,3.554181814,2.530727148
1631861999999,9/17/21 7:00,11.96444416,14.05138874,16.50883293,17.66544533,2.680666685,2.541166782,15.74055481,16.56122208
1631865599999,9/17/21 8:00,14.65540695,29.21385193,29.93007469,48.75340652,2.843333244,2.885703802,39.19881439,33.84207535
1631869199999,9/17/21 9:00,6.742610931,24.84988976,33.64772034,53.76916504,2.7356112,2.699166775,43.24505615,35.50822067
1631872799999,9/17/21 10:00,14.82927799,25.71866608,34.70661163,57.2408905,3.013055563,2.731944561,41.49866486,34.28844452
1631876399999,9/17/21 11:00,11.08006001,21.27230263,33.39587784,48.10253143,2.843454599,2.654303074,36.94551468,32.02575684
1631879999999,9/17/21 12:00,16.98426628,22.82753372,27.41986656,48.00189972,2.730200052,2.650733232,31.34273338,30.78840065
1631883599999,9/17/21 13:00,15.17388916,25.40377808,32.73283386,52.19111252,2.808277845,2.861444473,39.30638885,38.67427826
1631887199999,9/17/21 14:00,17.38472176,42.59672165,30.09833336,54.31794357,2.747277737,2.826777697,40.81599808,48.79372406
1631890799999,9/17/21 15:00,3.80694437,31.16399956,33.41311264,49.64144516,2.961611032,2.815222263,39.42022324,49.24755478
1631894399999,9/17/21 16:00,17.30553436,20.11013412,30.38793373,50.84413528,2.82646656,2.928533316,26.79353333,47.37173462
1631897999999,9/17/21 17:00,11.68406677,7.315466881,6.440666676,12.55686665,2.751066685,2.928666592,7.687133312,7.855199814
1631901599999,9/17/21 18:00,12.96162987,3.745555639,4.984221935,3.428296328,7.12348175,2.36748147,3.756888866,3.343037128
1631905199999,9/17/21 19:00,22.83483315,3.350500107,3.953999996,2.698916674,2.967750072,2.267833233,2.944583416,3.257083416
1631908799999,9/17/21 20:00,5.000333309,5.900333405,2.895666599,2.743111134,3.138444424,2.343222141,2.91455555,3.171888828
1631912399999,9/17/21 21:00,3.688424349,2.977151632,3.008242369,2.74727273,2.656302929,4.125757694,2.941212177,3.22296977
1631915999999,9/17/21 22:00,3.77733326,3.019055605,2.848444462,5.964611053,6.097277641,2.320388794,6.234499931,5.145444393
1631919599999,9/17/21 23:00,4.318222046,2.857000113,3.755944252,2.899389029,2.711722136,2.439110994,2.95227766,2.640055656
1631923199999,9/18/21 0:00,8.239832878,6.699222088,2.990444422,2.584444523,2.802777767,2.318611145,2.824277878,2.48705554
1631926799999,9/18/21 1:00,3.661444426,2.863166571,6.627889156,2.667333364,2.688444376,2.325277805,3.237611055,2.42644453
1631930399999,9/18/21 2:00,3.636777878,2.856777668,2.847888947,2.731389046,2.698333263,2.511499882,2.681277752,2.629611015
1631933999999,9/18/21 3:00,4.091222286,3.247277737,2.829444408,2.656666756,2.768388748,2.418555498,2.624055624,2.523222208
1631937599999,9/18/21 4:00,3.702555656,2.823611021,2.99516654,2.85649991,2.622166634,2.288444519,2.720277786,2.690666676
1631941199999,9/18/21 5:00,4.069722176,3.440055609,2.863833427,2.72555542,3.098277807,2.231611013,2.653611183,2.516111135
1631944799999,9/18/21 6:00,10.89744473,3.956500053,2.75999999,2.573333263,2.671611071,2.299277782,2.633388758,2.487388849
1631948399999,9/18/21 7:00,10.86433315,3.372611046,3.5562222,2.860055447,2.584722281,2.329444408,2.854944468,2.746777773
1631951999999,9/18/21 8:00,17.34822273,4.150111198,4.375722408,3.382722139,2.696777821,2.363111019,3.641222239,8.525221825
1631955599999,9/18/21 9:00,11.03950024,4.215055466,3.50888896,3.069499969,2.633388996,2.412611008,3.086444378,8.239832878
1631959199999,9/18/21 10:00,13.48861122,3.503888845,3.455611229,3.472444534,2.616499901,2.435388803,3.29361105,7.712944508
1631962799999,9/18/21 11:00,21.74305534,4.239999771,3.34394455,3.107888937,2.814222336,2.315611124,2.880722284,7.394999981
1631966399999,9/18/21 12:00,10.47166634,3.475888968,3.114888906,2.880777836,2.997444391,2.386444569,2.887388945,7.069000244
1631969999999,9/18/21 13:00,11.88205528,3.324666739,3.974611044,3.58211112,2.714166641,2.503722191,3.120110989,7.029666901
1631973599999,9/18/21 14:00,6.717777729,3.434611082,3.465666771,3.355333328,2.697000027,2.406611204,3.043055534,7.172166824
1631977199999,9/18/21 15:00,17.7128334,3.4937222,3.449500084,3.422055483,2.796777725,2.332888842,3.033611059,7.307833195
1631980799999,9/18/21 16:00,14.86766624,3.157277822,3.097555637,3.212555408,2.650611162,2.251166821,2.784666538,5.120555401
1631984399999,9/18/21 17:00,13.50361156,2.900666714,2.90566659,2.764555454,2.749611139,2.392166615,3.006611109,2.574277878
1631987999999,9/18/21 18:00,14.87077808,3.715610981,2.924277782,2.602722168,2.606777668,2.628777742,2.678666592,2.547444344
1631991599999,9/18/21 19:00,3.665222168,3.786833286,2.94305563,2.693222284,2.664388895,2.322444439,2.64827776,2.491889
1631995199999,9/18/21 20:00,3.612499952,3.516777754,2.86133337,2.676611185,3.055333376,2.220166683,2.671555519,2.602499962
1631998799999,9/18/21 21:00,3.846777678,3.006444454,2.966666698,2.727555513,2.692833424,3.570555449,2.825388908,2.78805542
1632002399999,9/18/21 22:00,3.816166639,3.062611103,2.91455555,2.696111202,6.069221973,2.237222195,2.790444374,2.705277681
1632005999999,9/18/21 23:00,3.765888929,3.070611,3.585166693,5.572999954,2.844277859,2.519944429,2.691777706,2.585333347
1632009599999,9/19/21 0:00,4.476110935,6.483388901,6.231999874,2.738888979,2.662777662,2.359222174,5.850444317,2.451944351
1632013199999,9/19/21 1:00,6.390333176,2.891166687,2.929111004,2.71077776,2.701666594,2.454555511,2.740555525,4.882333279
1632016799999,9/19/21 2:00,3.794277668,3.103777885,2.847777843,2.833555698,2.770222187,2.250222206,3.21522212,2.675333261
1632020399999,9/19/21 3:00,4.354222298,2.947000027,2.835555553,2.665999889,2.711222172,2.315944433,2.613166809,2.536055565
1632023999999,9/19/21 4:00,3.646277666,2.821166754,3.06805563,2.684333324,2.688555479,2.270777702,2.58433342,2.615333319
1632027599999,9/19/21 5:00,3.556722164,3.389944553,2.804389,2.699166775,2.712277889,2.20449996,2.656277657,2.437000036
1632031199999,9/19/21 6:00,11.6789999,3.111944437,2.969611168,2.699833393,3.233222246,2.528388977,2.716222286,2.574166775
1632034799999,9/19/21 7:00,17.2781105,4.175944328,2.963944435,2.71266675,2.767611027,2.314666748,2.692333221,7.916333199
1632038399999,9/19/21 8:00,4.588889122,2.905166626,2.911722183,2.753055573,2.762277842,2.498444557,2.699500084,2.607444525
1632041999999,9/19/21 9:00,10.89255524,3.434222221,2.850111008,2.719888926,2.681277752,2.343333244,2.707166672,2.428055525
1632045599999,9/19/21 10:00,10.74600029,2.919944525,2.922610998,2.618222237,2.615333319,2.400055408,2.624833345,2.458444357
1632049199999,9/19/21 11:00,10.98711109,2.786777735,2.707000017,3.126111031,2.601888895,2.309611082,2.558055639,2.492000103
1632052799999,9/19/21 12:00,18.33099937,2.901277781,2.923500061,2.621722221,2.712777853,2.308500051,2.639889002,2.499166727
1632056399999,9/19/21 13:00,3.928166628,3.019000053,2.967388868,2.677833319,2.776000023,2.381000042,2.791500092,2.483166695
1632059999999,9/19/21 14:00,10.98666668,2.837944508,2.849611044,2.692833424,2.690666676,2.301833391,2.837833405,2.431499958
1632063599999,9/19/21 15:00,10.77327728,3.168055534,2.89199996,2.57322216,2.744166613,2.33766675,2.811222315,2.716833353
1632067199999,9/19/21 16:00,3.934777737,4.407277584,2.870888948,2.735777855,2.702111006,2.318555593,2.574444532,2.53183341
1632070799999,9/19/21 17:00,11.04422188,2.996444464,2.929888964,2.711722136,2.680500031,2.297055483,2.71449995,2.521222115
1632074399999,9/19/21 18:00,11.00438881,3.892611027,3.001666784,2.656166553,2.575666666,2.691944361,2.665499926,2.581055641
1632077999999,9/19/21 19:00,17.11199951,3.581055641,4.856999874,3.282833338,2.820277691,2.322555542,2.669888973,2.526444435
1632081599999,9/19/21 20:00,4.469500065,8.172055244,3.676222324,2.762444496,2.725722313,2.231611013,2.691166639,2.598833323
1632085199999,9/19/21 21:00,6.253444672,7.028778076,6.312777996,5.552499771,2.746555567,2.327888966,2.584277868,2.558833361
1632088799999,9/19/21 22:00,3.877277851,4.290777683,5.112555504,4.478444576,2.804833412,2.463722229,2.675166607,2.77699995
1632092399999,9/19/21 23:00,3.81438899,3.345999956,3.092333317,2.774555445,5.709222317,2.554500103,5.565777779,2.570888758
1632095999999,9/20/21 0:00,3.717777729,3.096777678,3.136944532,2.657666683,2.684833288,3.488444328,2.705944538,4.902888775
1632099599999,9/20/21 1:00,4.422277927,2.930333376,3.138722181,2.752444506,2.79622221,2.315777779,2.716666698,2.549111128
1632103199999,9/20/21 2:00,3.969277859,2.947999954,3.076388836,2.682499886,2.711333275,2.221388817,2.715722322,2.558777809
1632106799999,9/20/21 3:00,3.906777859,2.988722324,2.910944462,2.658777714,2.674833298,2.364777803,3.117055655,2.601000071
1632110399999,9/20/21 4:00,3.792611122,3.038555622,2.834222317,2.731444359,2.799944401,2.383277893,2.774610996,2.520388842
1632113999999,9/20/21 5:00,3.814444542,3.410277843,2.955222368,2.622111082,2.701833248,2.236944437,2.591277838,2.501055479
1632117599999,9/20/21 6:00,11.16111088,3.980499983,4.257500172,3.966388941,3.191999912,2.362722158,3.644833326,3.12833333
1632121199999,9/20/21 7:00,20.77716637,13.28444386,23.39661026,19.58172226,2.6771667,2.64388895,18.13372231,18.35144424
1632124799999,9/20/21 8:00,17.54855537,41.41155624,36.98638916,42.59777832,11.44852352,2.953277826,49.34733582,43.9383316
1632128399999,9/20/21 9:00,13.04618168,38.99303055,36.16848373,40.39448547,29.32727242,2.75363636,50.93484879,40.46090698
1632131999999,9/20/21 10:00,12.83150005,29.85466766,32.83300018,41.47677612,27.3326664,2.674888849,49.28339005,38.99205399
1632135599999,9/20/21 11:00,13.39957619,25.72636414,26.21387863,35.53939438,26.5359993,2.579090834,48.30199814,37.91169739
1632139199999,9/20/21 12:00,5.443636417,22.59199905,26.01757622,32.3190918,17.43345451,2.627151489,45.75363541,38.50775909
1632142799999,9/20/21 13:00,15.33059978,31.3987999,28.92280006,32.49966812,23.24979973,2.819200039,57.09840012,44.74986649
1632146399999,9/20/21 14:00,23.08926582,28.47006607,23.37993431,31.68026733,27.82346725,2.708400011,55.49146652,42.80426788
1632149999999,9/20/21 15:00,6.82345438,26.83290863,21.11927223,31.43860626,32.0247879,2.765454531,54.08884811,37.58369827
1632153599999,9/20/21 16:00,28.18542862,27.49923897,18.95999908,27.0368576,30.2955246,2.999047518,49.58390427,32.55685806
1632157199999,9/20/21 17:00,13.61490917,11.17515182,9.035636902,18.09684753,11.37636375,2.901757479,12.55200005,13.44200039
1632160799999,9/20/21 18:00,14.49763584,5.277575493,5.480545521,9.897878647,6.724545479,3.152666569,8.983514786,8.410908699
1632164399999,9/20/21 19:00,19.17236328,12.89042377,10.99381828,8.192866325,3.093091011,2.484060526,6.18205452,4.74183321
1632167999999,9/20/21 20:00,13.12148094,8.314666748,1.948666692,1.772666693,2.284444332,2.336222172,1.365703702,1.489037037
1632171599999,9/20/21 21:00,3.97633338,3.078083277,1.778249979,1.477583289,2.28066659,4.073583126,1.321666718,4.243499756
1632175199999,9/20/21 22:00,4.405750275,4.308333397,3.417083263,2.927999973,1.746083379,2.544833183,1.35983336,1.637416601
1632178799999,9/20/21 23:00,3.689238071,2.068571329,2.9092381,1.816761971,7.536762238,2.831047535,1.733428597,1.521619081
1632182399999,9/21/21 0:00,3.999500036,3.204166651,1.910666704,1.612333298,2.006833315,2.487666607,1.392166615,1.567499995
1632185999999,9/21/21 1:00,4.224611282,1.930388927,2.471388817,1.653555632,1.916111112,2.279500008,1.377500057,1.568611145
1632189599999,9/21/21 2:00,3.711666584,1.903499961,1.845166683,1.757388949,1.99038887,2.465277672,1.353277802,1.53144443
1632193199999,9/21/21 3:00,4.008611202,1.944000006,1.842944384,1.616388917,1.989611149,2.3084445,1.463666677,1.572722197
1632196799999,9/21/21 4:00,3.715833426,2.125222206,2.07544446,1.716611147,2.081666708,2.277888775,1.348555565,1.74738884
1632200399999,9/21/21 5:00,3.742500067,2.71855545,1.965444446,1.529444456,2.00072217,2.235666752,1.412833333,1.574444413
1632203999999,9/21/21 6:00,18.78149986,3.727611065,3.558944464,3.093111038,4.014666557,2.435944557,1.352166653,2.394833326
1632207599999,9/21/21 7:00,7.234722137,22.60805511,16.14566612,17.28772163,21.30738831,2.847611189,15.57627773,10.97333336
1632211199999,9/21/21 8:00,23.15372276,30.57005501,31.05177689,29.86216736,35.02127838,3.166110992,39.79249954,38.34322357
1632214799999,9/21/21 9:00,19.3682785,32.77077866,33.46849823,25.85333252,37.10788727,3.181833267,38.13122177,37.78566742
1632218399999,9/21/21 10:00,12.9470005,35.0890007,33.99122238,25.39261055,36.08750153,4.944666862,44.4149437,38.64261246
1632221999999,9/21/21 11:00,11.06194401,28.71500015,28.86727715,22.80594444,30.59716797,2.916388988,36.13399887,31.05988884
1632225599999,9/21/21 12:00,25.04877663,24.65116692,22.92122269,22.79766655,27.62394524,2.845166683,32.33405685,30.68016624
1632229199999,9/21/21 13:00,13.98938847,31.73699951,29.26322174,23.6206665,29.05277824,3.001555443,37.95666504,40.51016617
1632232799999,9/21/21 14:00,8.300167084,27.29038811,31.03933334,25.41349983,28.76083374,2.606166601,38.44772339,44.90216827
1632236399999,9/21/21 15:00,8.467333794,29.04594421,28.00555611,23.45599937,26.51494408,2.815444469,42.86327744,40.92733383
1632239999999,9/21/21 16:00,15.62722206,31.64866638,26.53405571,23.59727859,27.33594513,2.696944475,41.33594513,32.68799973
1632243599999,9/21/21 17:00,18.11327744,16.58972168,7.256166458,10.54577732,8.321444511,2.552777767,11.18483353,7.856833458
1632247199999,9/21/21 18:00,10.68227768,12.3538332,3.38605547,8.107777596,6.313000202,2.48522234,5.120277882,2.857611179
1632250799999,9/21/21 19:00,11.51422215,10.03033352,2.863666534,5.924166679,2.591388941,2.585388899,2.406000137,2.509055614
1632254399999,9/21/21 20:00,3.707444429,6.646166801,2.793888807,4.121611118,2.761610985,2.388111115,1.867166638,2.757944584
1632257999999,9/21/21 21:00,6.075500011,4.033333302,2.103111029,1.73816669,2.242944479,2.490444422,1.883388877,1.94194448
1632261599999,9/21/21 22:00,3.993388891,2.939777851,2.235666752,2.013055563,1.913388848,2.309277773,1.854777813,2.352944374
1632265199999,9/21/21 23:00,3.652722359,2.148111105,2.747944355,4.248000145,5.178111076,3.753444433,4.724444389,1.951888919
1632268799999,9/22/21 0:00,3.785777807,5.654055595,1.978666663,1.689444423,1.858166695,2.304166555,1.972499967,1.887055516
1632272399999,9/22/21 1:00,4.283055305,2.058777809,5.777222157,1.724388838,1.918888927,2.348777771,1.86022222,4.260444641
1632275999999,9/22/21 2:00,3.895722389,2.039888859,1.921666622,1.728833318,2.031944513,2.253055573,1.766388893,2.031944513
1632279599999,9/22/21 3:00,4.174722195,2.096722126,1.942499995,1.877944469,2.078611135,2.515166759,1.811500072,1.748388886
1632283199999,9/22/21 4:00,3.716277838,2.287444353,2.09577775,1.80583334,1.848166704,2.310055494,2.605666637,1.785055518
1632286799999,9/22/21 5:00,3.824611187,2.026111126,1.959333301,1.794944406,1.977611065,2.290999889,1.711444497,1.686055541
1632290399999,9/22/21 6:00,18.37549973,3.451666594,2.806722164,2.578999996,2.72744441,2.545000076,2.560333252,1.700611115
1632293999999,9/22/21 7:00,11.75055504,15.90572166,15.2414999,21.05033302,17.0961113,2.535666704,16.93811035,15.35205555
1632297599999,9/22/21 8:00,18.79266739,39.96494293,24.80394363,50.18938828,30.51350021,2.765777826,38.15366745,27.41161156
1632301199999,9/22/21 9:00,21.62294388,39.31183243,19.86405563,52.25127792,35.22961044,2.742777824,49.41333389,24.55927849
1632304799999,9/22/21 10:00,15.4119997,41.68577576,21.56049919,50.98277664,45.08027649,4.117333412,51.12150192,31.83405685
1632308399999,9/22/21 11:00,19.54572296,37.04211044,14.83827782,40.41489029,42.24283218,2.655388832,38.15410995,20.39911079
1632311999999,9/22/21 12:00,19.76849937,35.3686676,13.63222218,37.67794418,37.49988937,2.636555433,30.11616707,18.51799965
1632315599999,9/22/21 13:00,18.95116615,30.99311066,24.08116722,41.5644989,40.63733292,2.871555567,46.57177734,25.61022186
1632319199999,9/22/21 14:00,18.24688911,37.30799866,31.8572216,39.25627899,39.9383316,2.838999987,42.92344284,22.8302784
1632322799999,9/22/21 15:00,14.18938923,38.78505707,28.79850006,35.15855408,41.4960556,2.821722269,40.33455658,24.19666672
1632326399999,9/22/21 16:00,8.276666641,32.24016571,26.32983398,36.30166626,29.09816742,2.632222176,35.8053894,13.88344479
1632329999999,9/22/21 17:00,10.2458334,11.97177792,11.25166702,15.5777216,9.852944374,2.507777691,10.96977806,6.049666405
1632333599999,9/22/21 18:00,17.80566597,6.998444557,6.936833382,5.29772234,3.658388853,2.398222208,4.037722111,3.308222055
1632337199999,9/22/21 19:00,17.39483261,4.197833061,7.260388851,2.232944489,2.951999903,2.641777754,2.777444363,2.449111223
1632340799999,9/22/21 20:00,4.39788866,6.21855545,6.478833199,1.957666636,1.923499942,2.400388956,2.142777681,2.257333279
1632344399999,9/22/21 21:00,3.797277689,4.179500103,5.711666584,3.064277887,2.69488883,2.342888832,1.91605556,1.845111132
1632347999999,9/22/21 22:00,6.025666714,2.893777847,2.272777796,4.596611023,2.019722223,2.450333357,4.706611156,1.992277741
1632351599999,9/22/21 23:00,3.702277899,2.051222324,5.687333107,1.929111123,1.97705555,3.691722155,1.861666679,2.482388973
1632355199999,9/23/21 0:00,3.755666733,2.734555483,2.04477787,1.826388955,5.178888798,2.317777872,1.714666724,4.306444168
1632358799999,9/23/21 1:00,3.990111113,2.131444454,2.57761097,1.876444459,1.927000046,2.514333248,1.771555543,1.834944487
1632362399999,9/23/21 2:00,4.216444492,2.119722128,2.253444433,1.788611054,1.867277741,2.294055462,1.855666637,1.821333289
1632365999999,9/23/21 3:00,4.080333233,2.345722198,2.041388988,1.786555529,2.022833347,2.36427784,1.774444461,1.889277697
1632369599999,9/23/21 4:00,3.724777699,2.167777777,2.079166651,1.851500034,1.895055532,2.3102777,1.938277841,1.829722166
1632373199999,9/23/21 5:00,3.865166664,2.81805563,2.194777727,1.986999989,2.0584445,2.429833412,2.36205554,1.866833329
1632376799999,9/23/21 6:00,4.34244442,3.121777773,3.166833401,2.67788887,2.545055628,2.399888992,2.880111217,2.174777746
1632380399999,9/23/21 7:00,12.5427227,15.42399979,18.80494499,11.37199974,13.71694469,2.705944538,20.95383263,17.26783371
1632383999999,9/23/21 8:00,11.40611076,40.20438766,40.33144379,31.36983299,27.14733315,2.806999922,40.37388992,29.7804451
1632387599999,9/23/21 9:00,17.54677773,38.65883255,38.23339081,27.11177826,26.66222191,2.781499863,41.33139038,30.13622284
1632391199999,9/23/21 10:00,17.88661194,41.52705383,34.39677811,33.93483353,38.49033356,2.754666567,37.97460938,29.22044373
1632394799999,9/23/21 11:00,11.2104845,37.38321304,23.93072701,25.7136364,35.50575638,2.512000084,40.5019989,28.10466766
1632398399999,9/23/21 12:00,15.04955578,34.49305725,23.59183311,23.83449936,33.14727783,2.555722237,36.34600067,26.87077713
1632401999999,9/23/21 13:00,24.04540062,40.39160156,28.8113327,20.41620064,30.62566757,2.805266619,41.43000031,39.08946609
1632405599999,9/23/21 14:00,10.76879978,50.60626602,38.22566605,21.12800026,45.05386734,4.189333439,48.89666748,44.21319962
1632409199999,9/23/21 15:00,16.24825096,42.83924866,33.81491852,22.42374992,42.10725021,2.627416611,44.84325027,36.82991791
1632412799999,9/23/21 16:00,16.7637043,43.7829628,32.79162979,24.18807411,35.50948334,2.625777721,37.6475563,31.99066734
1632416399999,9/23/21 17:00,14.30424213,18.80727196,12.71351528,12.89793968,20.14212036,2.553878784,8.271211624,13.13903046
1632419999999,9/23/21 18:00,9.013916969,3.090833426,5.376749992,4.877666473,15.92599964,2.365416765,2.72149992,8.858333588
1632423599999,9/23/21 19:00,7.835933685,3.752000093,2.24606657,3.156133413,4.16293335,2.25180006,2.296666622,3.721866608
1632427199999,9/23/21 20:00,3.744722366,4.652833462,2.926110983,2.057055473,7.00150013,2.610333443,1.808499932,1.989444494
1632430799999,9/23/21 21:00,3.773333311,7.01366663,2.210999966,1.883555532,6.487055302,3.598555565,2.008833408,1.875222206
1632434399999,9/23/21 22:00,4.266333103,3.78327775,2.188277721,4.790111065,2.228277683,2.48300004,1.853277802,1.912777781
1632437999999,9/23/21 23:00,5.53516674,2.136444569,5.892111301,1.837166667,5.246111393,2.478333235,1.909222245,5.075722218
1632441599999,9/24/21 0:00,4.032055378,2.850777864,2.282722235,1.935444474,2.153722286,2.319111109,4.657666683,1.935166717
1632445199999,9/24/21 1:00,3.650055408,2.070277691,2.36944437,2.02733326,2.045277834,2.304722309,2.024666786,2.024555683
1632448799999,9/24/21 2:00,3.735110998,2.011722326,2.546999931,2.208444357,2.161111116,2.26699996,1.867777824,2.082499981
1632452399999,9/24/21 3:00,4.682166576,2.222055674,2.2540555,1.865555525,2.106555462,2.451666594,1.877388954,2.024277687
1632455999999,9/24/21 4:00,3.690055609,2.11016655,2.060333252,1.936222196,1.981999993,2.31177783,1.91677773,1.878055573
1632459599999,9/24/21 5:00,3.753555536,2.270777702,1.957055569,1.781666756,1.941388845,2.330389023,2.285611153,1.878888845
1632463199999,9/24/21 6:00,11.52916622,3.604722261,6.340222359,2.783555508,2.841611147,2.31400013,2.917444468,2.493666649
1632466799999,9/24/21 7:00,11.44950008,14.3372221,21.26833344,18.37472153,10.71094418,2.530499935,15.91522217,16.27005577
1632470399999,9/24/21 8:00,12.96600056,51.28800201,41.50489044,44.05133438,33.5656662,2.777055502,43.54689026,33.97316742
1632473999999,9/24/21 9:00,12.52316666,45.46488953,40.7136116,40.53433228,31.3492775,2.836833477,36.56455612,39.70033264
1632477599999,9/24/21 10:00,20.5003891,29.86322212,44.58244324,42.65599823,29.3433342,2.708611012,36.46772385,40.63477707
1632481199999,9/24/21 11:00,11.88266659,29.88638878,33.63783264,34.30094528,30.82888794,2.549888849,35.19822311,31.62266731
1632484799999,9/24/21 12:00,10.93622208,28.28738785,26.74499893,30.61855507,29.00483322,2.62833333,31.84022331,16.842556
1632488399999,9/24/21 13:00,11.25511074,29.54422188,22.59072304,33.49177933,28.26116753,2.667555571,43.24688721,29.12483406
1632491999999,9/24/21 14:00,11.51316643,29.80633354,22.68888855,32.98411179,28.54994392,2.665444374,37.26577759,29.80249977
1632495599999,9/24/21 15:00,4.236111164,30.87450027,29.47800064,32.51444244,31.30288887,2.841555595,39.04972076,37.72755432
1632499199999,9/24/21 16:00,19.72649956,27.38749886,24.06677818,26.00488853,24.26611137,2.561722279,34.73550034,24.33855629
1632502799999,9/24/21 17:00,17.83416557,10.1669445,10.59350014,8.260333061,5.721055508,2.5062778,8.973996162,12.76883316
1632506399999,9/24/21 18:00,17.96850014,3.519722223,7.252666473,3.265944481,2.363055468,2.502111197,3.040111065,6.613555431
1632509999999,9/24/21 19:00,13.43488884,3.715777874,2.695944548,6.86950016,2.380444527,2.400777817,2.177277803,2.620500088
1632513599999,9/24/21 20:00,7.976889133,3.506055593,7.573722363,6.660666466,2.345611095,2.715389013,1.851944447,1.984444499
1632517199999,9/24/21 21:00,3.831333399,2.251666546,2.263999939,3.297166586,2.765111208,3.440944433,2.212222338,2.042277813
1632520799999,9/24/21 22:00,4.025272846,2.238242388,2.199333429,5.101151466,2.379394054,2.510424137,2.046606064,2.044727325
1632524399999,9/24/21 23:00,6.000333309,5.753221989,2.741611242,1.910277724,5.036277771,2.559333324,2.341833353,7.413166523
1632527999999,9/25/21 0:00,3.812888861,2.085611105,2.025944471,1.910277724,1.978111148,2.284833193,4.601388931,2.286833286
1632531599999,9/25/21 1:00,3.826833248,2.088222265,5.289888859,2.027833462,1.909166694,2.28994441,2.201777697,4.408888817
1632535199999,9/25/21 2:00,3.730055571,1.985444427,2.609388828,1.931666732,1.932500005,2.259333372,1.908722162,1.980000019
1632538799999,9/25/21 3:00,4.442277908,2.145222187,2.405166626,2.256055593,2.111055613,2.456444502,1.930055499,2.050333261
1632542399999,9/25/21 4:00,3.90566659,12.37733364,2.377944469,1.961388946,2.007111073,2.286499977,1.977611065,1.984222174
1632545999999,9/25/21 5:00,3.708444357,2.036388874,2.2603333,1.951833367,1.930500031,2.227166653,1.840777755,1.966444492
1632549599999,9/25/21 6:00,10.99116707,2.689610958,2.029777765,1.890222192,1.903166652,2.514666796,2.312388897,2.000555515
1632553199999,9/25/21 7:00,11.17100048,2.613389015,2.871166706,3.899833441,2.243999958,2.469777822,2.842999935,2.218833447
1632556799999,9/25/21 8:00,11.45436382,4.056242466,3.333151579,3.285454512,4.949515343,2.363272667,3.606242418,3.681636333
1632560399999,9/25/21 9:00,17.99911118,2.72222209,2.654611111,2.544555664,5.792444229,2.359333277,3.23444438,2.260277748
1632563999999,9/25/21 10:00,10.54016685,2.896166801,2.621888876,2.604333401,4.367610931,2.314555645,3.293555498,2.466777802
1632567599999,9/25/21 11:00,10.70583344,2.528222084,2.440666676,2.241388798,2.238555431,2.415277719,2.680888891,2.155555487
1632571199999,9/25/21 12:00,13.76233292,2.168055534,2.360222101,2.222111225,2.878888845,2.418555498,1.87427783,2.146333218
1632574799999,9/25/21 13:00,12.13357544,3.012000084,2.988969803,2.264060497,2.342060566,2.344969749,3.548969746,2.96903038
1632578399999,9/25/21 14:00,17.24177742,2.471277714,2.470888853,2.389111042,2.426888943,2.282999992,4.443722248,2.510555506
1632581999999,9/25/21 15:00,11.38866711,4.280499935,2.408055544,3.01961112,2.681833267,2.290055513,4.561555386,3.658833265
1632585599999,9/25/21 16:00,18.18727875,3.96894455,2.426277876,2.072999954,2.171777725,2.334500074,2.022722244,2.05027771
1632589199999,9/25/21 17:00,17.84505463,3.188666582,2.273722172,1.936555505,1.855833292,2.459444523,1.902500033,1.917444468
1632592799999,9/25/21 18:00,10.91049957,2.317888975,2.28811121,1.850499988,1.989055514,2.266666651,1.880777717,1.992555618
1632596399999,9/25/21 19:00,10.72555542,2.841166735,2.180944443,2.084111214,1.951388836,2.271888971,2.18488884,2.153055668
1632599999999,9/25/21 20:00,3.712277889,2.714611053,2.049277782,1.953277826,1.964444399,2.228666782,1.882944465,1.91533339
1632603599999,9/25/21 21:00,3.821166515,5.395055771,2.022888899,1.900944471,1.871055603,2.750944614,2.040055513,2.027444363
1632607199999,9/25/21 22:00,3.807333231,2.081333399,5.282166481,1.957611084,1.942055583,3.603333235,4.640055656,2.084277868
1632610799999,9/25/21 23:00,3.665222168,2.022000074,2.695333242,4.371833324,2.06805563,2.470111132,1.959944487,4.340055466
1632614399999,9/26/21 0:00,6.051666737,2.009444475,2.123722315,2.037388802,2.254388809,2.33138895,1.811888933,2.282111168
1632617999999,9/26/21 1:00,4.194611073,2.098666668,2.332388878,2.01555562,4.96888876,2.461111069,1.919999957,2.102944374
1632621599999,9/26/21 2:00,3.719055653,2.038777828,2.081666708,1.9896667,1.947055578,2.243222237,1.824000001,1.947166681
1632625199999,9/26/21 3:00,4.426111221,2.044444561,2.579888821,1.902777791,1.913777828,2.272500038,2.03327775,2.105444431
1632628799999,9/26/21 4:00,4.323999882,2.222444534,2.067777872,1.865944386,1.989166617,2.307611227,1.876999974,2.050611019
1632632399999,9/26/21 5:00,3.840499878,1.995333314,2.10800004,2.033444405,1.962000012,2.255333424,1.942555547,1.995944381
1632635999999,9/26/21 6:00,18.12333298,2.047111034,2.094666719,1.808888912,1.990499973,2.315944433,1.81583333,1.894666672
1632639599999,9/26/21 7:00,21.42260551,2.652484894,2.109757662,2.690727234,1.990545511,2.376909018,3.257757664,1.929575801
1632643199999,9/26/21 8:00,15.62911129,2.161277771,1.938777804,1.961722255,2.134777784,2.330555677,2.032777786,1.920888901
1632646799999,9/26/21 9:00,11.40499973,3.618777752,2.127111197,2.056055546,2.051611185,2.613777637,1.899333358,1.860499978
1632650399999,9/26/21 10:00,17.99161148,2.19305563,2.19900012,1.876166701,2.522333384,2.401944399,1.914333344,2.072944403
1632653999999,9/26/21 11:00,11.26444435,2.131333351,2.090944529,1.855222225,1.975666642,2.526000023,1.790611148,1.906722188
1632657599999,9/26/21 12:00,10.89496994,2.056848526,2.166969776,1.769939423,1.990242362,2.352787971,1.866969705,1.914121151
1632661199999,9/26/21 13:00,7.474833488,2.874833345,2.126333237,2.004889011,2.037555456,2.381777763,2.026111126,1.955222249
1632664799999,9/26/21 14:00,11.06799984,2.734499931,2.344555616,1.810222268,2.038333416,2.358222246,1.82694447,1.949222207
1632668399999,9/26/21 15:00,14.80866623,4.057444572,3.293666601,2.355499983,2.517611027,2.480666637,1.835833311,3.185722113
1632671999999,9/26/21 16:00,4.75255537,2.293333292,2.110666752,1.894555569,1.90422225,2.359888792,1.924166679,1.914888859
1632675599999,9/26/21 17:00,11.06205559,2.305500031,2.318111181,1.880888939,1.92788887,2.51699996,1.881611109,1.86983335
1632679199999,9/26/21 18:00,18.52972221,2.767499924,1.965833306,1.811444521,1.89644444,2.515666723,1.996277809,1.905500054
1632682799999,9/26/21 19:00,11.31955528,2.281944513,2.167333364,1.943611145,1.909777761,2.404166698,1.91938889,2.045944452
1632686399999,9/26/21 20:00,3.722444534,3.034055471,2.003888845,1.890888929,2.006444454,2.421000004,1.834222198,2.101999998
1632689999999,9/26/21 21:00,4.19416666,3.948777914,2.66305542,1.903722167,1.963722229,3.516611099,1.770666718,1.997722268
1632693599999,9/26/21 22:00,4.205055714,6.11427784,2.259444475,4.825500011,2.10061121,2.765888929,1.846500039,2.187444448
1632697199999,9/26/21 23:00,6.139111042,2.53183341,2.580277681,1.84505558,2.159777641,2.527555466,4.79271841,1.969166636
1632700799999,9/27/21 0:00,3.925166607,2.033777714,5.288000107,1.80733335,5.38577795,2.296611071,1.837666631,4.983110905
1632704399999,9/27/21 1:00,3.770222187,2.18894434,2.179777861,1.996277809,2.091611147,2.335944414,1.927277803,1.922944427
1632707999999,9/27/21 2:00,3.88563633,2.055636406,1.969818234,1.929939389,2.063636303,2.324666739,1.94872725,1.896606088
1632711599999,9/27/21 3:00,4.306777954,2.01477766,2.278444529,1.876055479,1.818166614,2.256944418,1.933555603,1.929222226
1632715199999,9/27/21 4:00,3.936055422,2.287833452,2.665388823,2.320388794,2.173611164,2.365833282,1.882888913,2.069055557
1632718799999,9/27/21 5:00,4.563277721,2.866333246,2.016666651,1.914166689,1.912888885,2.28327775,1.847833395,1.916722178
1632722399999,9/27/21 6:00,11.21866703,3.19344449,2.728055477,3.194833279,3.135833263,2.398055553,2.72744441,2.221555471
1632725999999,9/27/21 7:00,10.92700005,17.11694527,15.23055553,13.04055595,21.27672195,2.655499935,18.36933327,14.44655514
1632729599999,9/27/21 8:00,13.56949997,56.96166611,29.35899925,20.19733429,36.07216644,2.932555437,38.51733398,33.50688934
1632733199999,9/27/21 9:00,13.20577812,60.42716599,32.34738922,19.29977798,39.31227875,2.854444504,36.4438324,35.29927826
1632736799999,9/27/21 10:00,13.53205585,48.3168335,42.61105728,21.30161095,37.78133392,2.809999943,39.73577881,31.41950035
1632740399999,9/27/21 11:00,13.20466709,40.81711197,31.61277771,18.12249947,38.26027679,2.764944553,33.26889038,24.45394516
1632743999999,9/27/21 12:00,13.05055523,36.43644333,28.17422295,15.5363884,34.02438736,2.704888821,27.59583282,22.31511116
1632747599999,9/27/21 13:00,19.9165554,44.05427933,34.51355362,18.07427788,40.85833359,2.716833353,37.29727936,27.65138817
1632751199999,9/27/21 14:00,21.5240612,45.11145401,36.65460587,17.90993881,42.84078598,4.950242519,44.07830429,31.42139435
1632754799999,9/27/21 15:00,22.36949921,50.95061111,37.92038727,19.40144348,40.7551651,4.138000011,37.61522293,41.27844238
1632758399999,9/27/21 16:00,23.16461182,46.29144287,33.56983185,13.40988922,27.73416519,2.719944477,30.79294395,35.37205505
1632761999999,9/27/21 17:00,15.41483307,14.60199928,21.64127731,5.407111168,7.020111084,2.457611084,14.70794487,22.75094414
1632765599999,9/27/21 18:00,11.22955513,4.223888874,14.86366653,3.824833393,2.845333338,2.447333336,5.187222004,5.958166599
1632769199999,9/27/21 19:00,13.53516674,2.616333246,11.67166615,3.138555527,2.367333412,2.282277822,2.910611153,2.213277817
1632772799999,9/27/21 20:00,7.839611053,3.10727787,11.41233349,2.906611204,2.074888945,2.360777855,2.014944553,1.980944395
1632776399999,9/27/21 21:00,4.096666813,2.320424318,2.515636444,2.684909105,2.118969679,2.492242336,1.912424207,2.476000071
1632779999999,9/27/21 22:00,6.166222095,5.754388809,2.245777845,2.170555592,2.153944492,4.043222427,2.245777845,2.105944395
1632783599999,9/27/21 23:00,4.116166592,2.386610985,6.236721992,5.085555553,2.304944515,2.719500065,2.132499933,4.664277554
1632787199999,9/28/21 0:00,3.90199995,2.177111149,2.307388783,1.952944517,1.990277767,2.366611004,4.994111061,1.961666703
1632790799999,9/28/21 1:00,4.134266853,3.478066683,2.189199924,1.901333332,2.995733261,2.614599943,2.245199919,2.463000059
1632794399999,9/28/21 2:00,4.064610958,2.319000006,2.329722166,1.872611046,2.021333456,2.31322217,1.984166622,1.866888881
1632797999999,9/28/21 3:00,4.313666821,2.205933332,2.371866703,1.885200024,1.935466647,2.476066589,1.926533341,1.957733393
1632801599999,9/28/21 4:00,3.986787796,2.239333391,2.146060705,2.233818054,2.199151516,2.376363754,1.926363587,2.055757523
1632805199999,9/28/21 5:00,3.92933321,2.18963623,2.187515259,2.136605978,2.015393972,2.367757559,1.955818176,1.93660605
1632808799999,9/28/21 6:00,11.31616688,5.72561121,2.462500095,4.729000092,2.810555696,2.426111221,2.356666565,2.17272234
1632812399999,9/28/21 7:00,11.67993927,14.95460606,11.63369656,19.10151482,12.73278809,2.74212122,11.55830288,13.1261816
1632815999999,9/28/21 8:00,10.68042469,33.01605988,36.20163727,46.63448334,35.94618225,2.869272709,41.70672607,31.34781837
1632819599999,9/28/21 9:00,14.461133,32.85526657,35.39813232,51.957798,31.11100006,2.759599924,40.50406647,31.30353355
1632823199999,9/28/21 10:00,11.27500057,29.06850052,36.33649826,50.92741776,25.52483368,2.679166555,39.27858353,28.59466553
1632826799999,9/28/21 11:00,15.78278732,27.09157562,31.452425,46.96957779,24.43321228,2.696606159,35.06721115,24.37702942
1632830399999,9/28/21 12:00,16.30666733,23.6030674,34.93086624,47.11339951,20.36020088,2.624666691,28.28420067,21.98606682
1632833999999,9/28/21 13:00,17.61570358,21.41451836,38.12303543,39.88399887,27.66851807,2.79059267,32.60311127,25.42874146
1632837599999,9/28/21 14:00,5.385866642,25.47786713,40.18106842,40.78666687,30.30360031,2.745533228,32.63019943,30.39093399
1632841199999,9/28/21 15:00,4.839151382,29.96296883,42.89139557,39.58369827,34.51406097,2.746606112,36.25503159,32.52672577
1632844799999,9/28/21 16:00,11.91472244,20.21088791,38.52794266,29.41438866,30.78477859,2.686277866,28.3077774,30.58944511
1632848399999,9/28/21 17:00,11.68150043,9.802277565,20.39488983,12.28311062,17.63483238,2.577222347,14.94733334,11.58233356
1632851999999,9/28/21 18:00,11.48250008,7.609000206,7.83283329,10.55649948,13.75533295,2.483444452,9.287166595,7.512555599
1632855599999,9/28/21 19:00,7.886424065,5.626605988,3.61648488,8.9290905,2.282969713,2.45296979,6.672484875,3.00939393
1632859199999,9/28/21 20:00,4.92658329,9.495166779,4.306416512,3.143083334,2.151499987,2.354249954,4.658083439,2.156666756
1632862799999,9/28/21 21:00,3.762424231,3.361999989,2.569090843,2.248363733,2.04006052,2.46296978,3.872909069,4.25848484
1632866399999,9/28/21 22:00,4.06586647,3.846333265,2.41260004,2.200466633,5.975133419,2.367933273,7.5600667,2.578733444
1632869999999,9/28/21 23:00,4.152121067,2.358727217,3.274181843,2.202848434,2.200060606,2.982181787,1.997151494,2.589575768
1632873599999,9/29/21 0:00,3.669757605,2.475636482,2.356363535,5.457757473,2.050302982,3.608545542,1.904471874,2.127818108
1632877199999,9/29/21 1:00,3.777999878,2.392962933,4.050592422,2.017259359,2.476888895,2.316814899,2.108963013,2.339926004
1632880799999,9/29/21 2:00,3.877599955,2.151200056,2.282799959,2.147266626,2.252266645,2.440733433,2.05673337,1.922066689
1632884399999,9/29/21 3:00,4.043555737,2.360055447,2.441888809,2.009444475,2.041166782,2.331888914,2.016468287,1.947888851
1632887999999,9/29/21 4:00,3.982599974,2.261333227,2.687266588,2.002333403,2.088200092,2.428333282,2.041066647,2.13226676
1632891599999,9/29/21 5:00,3.995037079,2.785259247,2.380074024,1.8730371,1.968148112,2.529333353,1.936740756,1.815999985
1632895199999,9/29/21 6:00,18.21038818,4.810333252,3.321333408,3.075388908,2.803277731,2.408222198,2.714611053,2.40272212
1632898799999,9/29/21 7:00,10.04899979,18.73250008,13.81166649,13.41625023,12.52441692,2.526916742,14.54558372,21.0545845
1632902399999,9/29/21 8:00,11.55788898,45.70083237,40.61488724,28.77416611,27.93255615,2.870277882,35.1491127,44.76772308
1632905999999,9/29/21 9:00,11.8744669,49.47113419,45.48786545,25.56193352,25.70459938,2.789999962,35.79786682,43.14513397
1632909599999,9/29/21 10:00,25.73278809,44.53787994,45.54321289,29.31660652,27.00830269,2.733151436,36.88714981,34.92339325
1632913199999,9/29/21 11:00,12.92866707,38.56739044,41.43249893,23.8259449,28.88416672,2.757777691,32.46783447,27.2488327
1632916799999,9/29/21 12:00,17.58446693,37.88893127,36.58093262,20.54926682,24.55380058,2.607533455,28.09613419,24.68020058
1632920399999,9/29/21 13:00,8.805851936,42.79755402,37.11059189,29.66940689,33.38614655,2.729333401,30.65229607,37.54177856
1632923999999,9/29/21 14:00,20.00874138,43.59896469,39.94940567,28.3291111,38.28889084,2.677999973,24.62251854,37.36074066
1632927599999,9/29/21 15:00,12.2305336,47.3716011,36.95146561,25.86766624,33.11833191,2.858266592,27.00346756,41.03106689
1632931199999,9/29/21 16:00,20.66806602,47.09506607,30.37366676,29.54593277,25.16379929,2.776266575,21.12086678,36.06706619
1632934799999,9/29/21 17:00,4.408181667,16.94703102,13.71290874,13.00587845,13.85375786,2.610363722,9.320120811,11.75175762
1632938399999,9/29/21 18:00,8.886241913,6.44024229,9.283878326,7.057939529,10.47448444,2.501030207,3.287696838,3.956424236
1632941999999,9/29/21 19:00,18.36151505,5.225515366,5.858969688,3.004121304,7.821212292,2.351757526,2.165939331,2.818242311
1632945599999,9/29/21 20:00,3.833111048,3.134000063,2.257407427,2.369555473,2.176740646,2.371925831,2.154000044,2.091259241
1632949199999,9/29/21 21:00,4.203500271,2.765666723,4.644583225,3.48241663,7.483500004,2.398749828,2.103583336,2.040083408
1632952799999,9/29/21 22:00,6.241733551,2.513866663,2.732466698,2.021600008,2.086999893,3.812266588,5.380066872,2.492266655
1632956399999,9/29/21 23:00,7.74515152,3.997212172,3.148121119,5.032606125,2.097878695,2.559696913,1.898424268,4.370121002
1632959999999,9/30/21 0:00,3.943757534,2.14472723,5.191514969,2.261878729,2.213696957,2.734302998,1.942727208,1.94024241
1632963599999,9/30/21 1:00,4.014666557,2.955250025,2.131999969,2.296083212,2.156416655,2.284833431,2.073166609,1.978416681
1632967199999,9/30/21 2:00,3.890066624,2.059266567,2.184600115,1.891866684,2.007066727,2.260799885,1.906466603,2.006599903
1632970799999,9/30/21 3:00,4.564166546,5.650055408,2.348944426,2.088555574,2.347055435,2.948666573,1.89827776,2.084277868
1632974399999,9/30/21 4:00,3.902166605,2.29477787,2.843944311,2.078166723,2.199333191,2.311222315,2.100555658,2.081888914
1632977999999,9/30/21 5:00,3.98077774,2.417833328,2.220000029,2.172166586,2.139499903,2.311166763,1.925277829,1.987277746
1632981599999,9/30/21 6:00,17.8390007,2.391722202,3.218222141,2.53255558,2.112388849,2.435499907,2.020555496,2.026555538
1632985199999,9/30/21 7:00,12.51683331,20.56833267,21.36849976,15.41044426,17.07194328,2.640500069,17.85111046,12.16499996
1632988799999,9/30/21 8:00,7.552999973,35.50977707,45.41744614,25.18733406,33.29005432,2.898777723,31.72833252,31.41161156
1632992399999,9/30/21 9:00,7.900555611,36.90366745,44.39572144,30.68261147,34.31627655,2.800555468,33.29455566,33.31949997
1632995999999,9/30/21 10:00,3.960611105,34.52233124,50.41522217,34.70589066,34.0854454,2.838944435,31.80105591,40.02633286
1632999599999,9/30/21 11:00,7.17540741,28.67029762,58.99533463,34.87992477,29.31251907,2.749259233,31.56844521,37.7179985
1633003199999,9/30/21 12:00,18.36411095,29.69644547,53.29039001,33.84605408,24.81688881,2.601277828,24.14894485,27.31311035
1633006799999,9/30/21 13:00,16.08441734,35.31808472,48.5996666,54.89649963,29.55866623,2.903000116,28.74441719,39.19408417
1633010399999,9/30/21 14:00,22.99133301,39.10572052,47.85005569,50.05389023,28.66539001,2.828111172,28.23838806,42.19355392
1633013999999,9/30/21 15:00,20.86781883,38.81733322,49.174366,51.09109116,34.94236374,2.790181875,28.73193932,43.1181221
1633017599999,9/30/21 16:00,10.99591637,34.79624939,47.25500107,32.43199921,30.50016785,2.642666578,22.69458389,39.57524872
1633021199999,9/30/21 17:00,4.681272507,7.520303249,11.26454544,12.62573719,7.128969669,2.565878868,10.94575787,12.37884903
1633024799999,9/30/21 18:00,11.11722183,3.655388832,3.05027771,6.320055485,5.485888958,2.368055582,4.210000038,3.070388794
1633028399999,9/30/21 19:00,7.532266617,2.864200115,3.667666674,2.310600042,2.96813345,2.348200083,2.22266674,2.684666634
1633031999999,9/30/21 20:00,8.956733704,3.527800083,2.16140008,2.091466665,2.214733362,2.336400032,2.05340004,2.457600117
1633035599999,9/30/21 21:00,6.808466911,2.974600077,4.782133579,2.373399973,2.095999956,2.429133415,2.021533251,2.400733232
1633039199999,9/30/21 22:00,3.985629559,3.732740879,3.838888884,3.656444311,2.520444393,4.078740597,4.329259396,5.309481621
1633042799999,9/30/21 23:00,3.808066607,6.547066689,5.650933266,2.169399977,5.772799969,2.296333313,2.958800077,2.220666647
1633046399999,10/1/21 0:00,3.736666679,2.265533447,2.289066792,3.246733427,2.294800043,2.889333248,2.106266737,1.981999993
