timestamp,timestamp_date_format,A1,A2,A3,A4,A5,A6,A7,A8,A9,A10,A11,A12
1627776000000,8/1/21 0:00,0,0,0,0,0,0,0,0,0,0,0,0
1627783200000,8/1/21 2:00,0,0,0,0,0,0,0,0,0,0,0,0
1627790400000,8/1/21 4:00,0,0,0,0,0,0,0,0,0,0,0,0
1627797600000,8/1/21 6:00,0,0,0,0,0,0,0,0,0,0,0,0
1627804800000,8/1/21 8:00,0,0,0,0,0,0,0,0,0,0,0,0
1627812000000,8/1/21 10:00,0,0,0,0,0,0,0,0,0,0,0,0
1627819200000,8/1/21 12:00,0,0,0,0,0,0,0,0,0,0,0,0
1627826400000,8/1/21 14:00,0,0,0,0,0,0,0,0,0,0,0,0
1627833600000,8/1/21 16:00,0,0,0,0,0,0,0,0,0,0,0,0
1627840800000,8/1/21 18:00,0,0,0,0,0,0,0,0,0,0,0,0
1627848000000,8/1/21 20:00,0,0,0,0,0,0,0,0,0,0,0,0
1627855200000,8/1/21 22:00,0,0,0,0,0,0,0,0,0,0,0,0
1627862400000,8/2/21 0:00,0,0,0,0,0,0,0,0,0,0,0,0
1627869600000,8/2/21 2:00,0,0,0,0,0,0,0,0,0,0,0,0
1627876800000,8/2/21 4:00,0,0,0,0,0,0,0,0,0,0,0,0
1627884000000,8/2/21 6:00,0,0,0,0,0,0,0,0,0,0,0,0
1627891200000,8/2/21 8:00,0,0,0,0,0,0,0,0,0,0,0,0
1627898400000,8/2/21 10:00,0,0,0,0,0,0,0,0,0,0,0,0
1627905600000,8/2/21 12:00,0,0,0,0,0,0,0,0,0,0,0,0
1627912800000,8/2/21 14:00,0,0,0,0,0,0,0,0,0,0,0,0
1627920000000,8/2/21 16:00,0,0,0,0,0,0,0,0,0,0,0,0
1627927200000,8/2/21 18:00,0,0,0,0,0,0,0,0,0,0,0,0
1627934400000,8/2/21 20:00,0,0,0,0,0,0,0,0,0,0,0,0
1627941600000,8/2/21 22:00,0,0,0,0,0,0,0,0,0,0,0,0
1627948800000,8/3/21 0:00,0,0,0,0,0,0,0,0,0,0,0,0
1627956000000,8/3/21 2:00,0,0,0,0,0,0,0,0,0,0,0,0
1627963200000,8/3/21 4:00,0,0,0,0,0,0,0,0,0,0,0,0
1627970400000,8/3/21 6:00,0,0,0,0,0,0,0,0,0,0,0,0
1627977600000,8/3/21 8:00,0,0,0,0,0,0,0,0,0,0,0,0
1627984800000,8/3/21 10:00,0,0,0,0,0,0,0,0,0,0,0,0
1627992000000,8/3/21 12:00,0,0,0,0,0,0,0,0,0,0,0,0
1627999200000,8/3/21 14:00,0,0,0,0,0,0,0,0,0,0,0,0
1628006400000,8/3/21 16:00,0,0,0,0,0,0,0,0,0,0,0,0
1628013600000,8/3/21 18:00,0,0,0,0,0,0,0,0,0,0,0,0
1628020800000,8/3/21 20:00,0,0,0,0,0,0,0,0,0,0,0,0
1628028000000,8/3/21 22:00,0,0,0,0,0,0,0,0,0,0,0,0
1628035200000,8/4/21 0:00,0,0,0,0,0,0,0,0,0,0,0,0
1628042400000,8/4/21 2:00,0,0,0,0,0,0,0,0,0,0,0,0
1628049600000,8/4/21 4:00,0,0,0,0,0,0,0,0,0,0,0,0
1628056800000,8/4/21 6:00,0,0,0,0,0,0,0,0,0,0,0,0
1628064000000,8/4/21 8:00,0,0,0,0,0,0,0,0,0,0,0,0
1628071200000,8/4/21 10:00,0,0,0,0,0,0,0,0,0,0,0,0
1628078400000,8/4/21 12:00,0,0,0,0,0,0,0,0,0,0,0,0
1628085600000,8/4/21 14:00,0,0,0,0,0,0,0,0,0,0,0,0
1628092800000,8/4/21 16:00,0,0,0,0,0,0,0,0,0,0,0,0
1628100000000,8/4/21 18:00,0,0,0,0,0,0,0,0,0,0,0,0
1628107200000,8/4/21 20:00,0,0,0,0,0,0,0,0,0,0,0,0
1628114400000,8/4/21 22:00,0,0,0,0,0,0,0,0,0,0,0,0
1628121600000,8/5/21 0:00,0,0,0,0,0,0,0,0,0,0,0,0
1628128800000,8/5/21 2:00,0,0,0,0,0,0,0,0,0,0,0,0
1628136000000,8/5/21 4:00,0,0,0,0,0,0,0,0,0,0,0,0
1628143200000,8/5/21 6:00,0,0,0,0,0,0,0,0,0,0,0,0
1628150400000,8/5/21 8:00,0,0,0,0,0,0,0,0,0,0,0,0
1628157600000,8/5/21 10:00,0,0,0,0,0,0,0,0,0,0,0,0
1628164800000,8/5/21 12:00,0,0,0,0,0,0,0,0,0,0,0,0
1628172000000,8/5/21 14:00,0,0,0,0,0,0,0,0,0,0,0,0
1628179200000,8/5/21 16:00,0,0,0,0,0,0,0,0,0,0,0,0
1628186400000,8/5/21 18:00,0,0,0,0,0,0,0,0,0,0,0,0
1628193600000,8/5/21 20:00,0,0,0,0,0,0,0,0,0,0,0,0
1628200800000,8/5/21 22:00,0,0,0,0,0,0,0,0,0,0,0,0
1628208000000,8/6/21 0:00,0,0,0,0,0,0,0,0,0,0,0,0
1628215200000,8/6/21 2:00,0,0,0,0,0,0,0,0,0,0,0,0
1628222400000,8/6/21 4:00,0,0,0,0,0,0,0,0,0,0,0,0
1628229600000,8/6/21 6:00,0,0,0,0,0,0,0,0,0,0,0,0
1628236800000,8/6/21 8:00,0,0,0,0,0,0,0,0,0,0,0,0
1628244000000,8/6/21 10:00,0,0,0,0,0,0,0,0,0,0,0,0
1628251200000,8/6/21 12:00,0,0,0,0,0,0,0,0,0,0,0,0
1628258400000,8/6/21 14:00,0,0,0,0,0,0,0,0,0,0,0,0
1628265600000,8/6/21 16:00,0,0,0,0,0,0,0,0,0,0,0,0
1628272800000,8/6/21 18:00,0,0,0,0,0,0,0,0,0,0,0,0
1628280000000,8/6/21 20:00,0,0,0,0,0,0,0,0,0,0,0,0
1628287200000,8/6/21 22:00,0,0,0,0,0,0,0,0,0,0,0,0
1628294400000,8/7/21 0:00,0,0,0,0,0,0,0,0,0,0,0,0
1628301600000,8/7/21 2:00,0,0,0,0,0,0,0,0,0,0,0,0
1628308800000,8/7/21 4:00,0,0,0,0,0,0,0,0,0,0,0,0
1628316000000,8/7/21 6:00,0,0,0,0,0,0,0,0,0,0,0,0
1628323200000,8/7/21 8:00,0,0,0,0,0,0,0,0,0,0,0,0
1628330400000,8/7/21 10:00,0,0,0,0,0,0,0,0,0,0,0,0
1628337600000,8/7/21 12:00,0,0,0,0,0,0,0,0,0,0,0,0
1628344800000,8/7/21 14:00,0,0,0,0,0,0,0,0,0,0,0,0
1628352000000,8/7/21 16:00,0,0,0,0,0,0,0,0,0,0,0,0
1628359200000,8/7/21 18:00,0,0,0,0,0,0,0,0,0,0,0,0
1628366400000,8/7/21 20:00,0,0,0,0,0,0,0,0,0,0,0,0
1628373600000,8/7/21 22:00,0,0,0,0,0,0,0,0,0,0,0,0
1628380800000,8/8/21 0:00,0,0,0,0,0,0,0,0,0,0,0,0
1628388000000,8/8/21 2:00,0,0,0,0,0,0,0,0,0,0,0,0
1628395200000,8/8/21 4:00,0,0,0,0,0,0,0,0,0,0,0,0
1628402400000,8/8/21 6:00,0,0,0,0,0,0,0,0,0,0,0,0
1628409600000,8/8/21 8:00,0,0,0,0,0,0,0,0,0,0,0,0
1628416800000,8/8/21 10:00,0,0,0,0,0,0,0,0,0,0,0,0
1628424000000,8/8/21 12:00,0,0,0,0,0,0,0,0,0,0,0,0
1628431200000,8/8/21 14:00,0,0,0,0,0,0,0,0,0,0,0,0
1628438400000,8/8/21 16:00,0,0,0,0,0,0,0,0,0,0,0,0
1628445600000,8/8/21 18:00,28575873000,19758514200,20508098600,20864608300,11658160100,11052953600,20459634700,22148243500,20194246700,20269910000,19937564700,10916376600
1628452800000,8/8/21 20:00,15249143800,12600437800,12693810200,14016502800,7590895600,7291485700,15358133200,15519151100,15752626200,16354739200,16166157300,8642911200
1628460000000,8/8/21 22:00,17401178100,16064449500,15592112100,16585565200,9854036000,9359861800,16851084300,13667067900,16223832100,16195857400,17177181200,8949222400
1628467200000,8/9/21 0:00,17448228900,16487630800,15644469200,18083614700,10174543900,9878624300,16961431600,14789818400,17661753300,16691670000,18502586400,9531319300
1628474400000,8/9/21 2:00,17425639400,16535014400,15617236000,18097221600,10207695900,9934983200,16952121300,14804079600,17711228900,16687918100,18671446000,9573306400
1628481600000,8/9/21 4:00,17796001800,16486951900,15598755800,18364672000,10225929200,9957540900,16910968800,15865899000,17727662100,16661899300,18688628700,9591218200
1628488800000,8/9/21 6:00,24234893300,16527416300,15858220000,18893377500,10302968800,9996880900,16975548400,16641019900,17968447500,16854881300,18734116900,9682736100
1628496000000,8/9/21 8:00,27555797000,17170461700,16818828300,19451928600,10411416600,10090350600,17376653300,17188417500,18410694700,17927921700,19441815600,9797872600
1628503200000,8/9/21 10:00,27967875100,17605365800,18066921500,19681325100,10493189100,10240874500,17994657800,17725485100,19334058000,19692648400,19867998200,9845572600
1628510400000,8/9/21 12:00,28076912600,18290905100,18770079700,19746977800,10542032900,10337409000,18246963200,18265174000,19784788000,19807393800,20017799200,9884012500
1628517600000,8/9/21 14:00,28114923500,18366228500,19606702100,19855323100,10649061400,10444121100,18774943700,19378296800,19869419500,19838423000,19998599200,9993336800
1628524800000,8/9/21 16:00,28254203900,19195938800,17712130000,20062054400,10746502100,10526562300,19898486800,19572383700,20313262100,20145283100,20236918800,10068528100
1628532000000,8/9/21 18:00,28142553100,19407560700,17866084400,20151973900,10782813200,10582870000,20147980300,19767431200,20451477500,20388329500,20359372800,10123449300
1628539200000,8/9/21 20:00,27981746200,19338332200,17759742000,20045690900,10840868900,10655619100,19942342700,19664345100,20267702300,19960393700,20148770800,10191989800
1628546400000,8/9/21 22:00,27868772400,19395524600,17750456300,20024188900,10877974500,10684743700,19866208300,19644571600,20195604500,19952943100,20155062300,10222347300
1628553600000,8/10/21 0:00,27875729400,19383861200,17764845600,20007448600,10917565400,10703950800,19857731600,19630164000,20200394800,19910748200,20108134400,10228181000
1628560800000,8/10/21 2:00,27873079300,19331471400,17768570900,19986208800,10936550400,10704588800,19839199200,19615696900,20197015600,19900721200,20101625900,10226872300
1628568000000,8/10/21 4:00,27995471900,19342391300,17749207000,19979528200,10955525100,10729714700,19825467400,19611914200,20196872200,19913285600,20110860300,10243895300
1628575200000,8/10/21 6:00,28040726500,19382865900,17768364000,20029466600,10985277400,10789026800,19845679100,19603580900,20187246600,19961176100,20143867900,10270529500
1628582400000,8/10/21 8:00,28075169800,19458480100,17932875800,20100374500,11015019500,10812505100,19942821900,19782977500,20272703500,20058234900,20201418800,10304024600
1628589600000,8/10/21 10:00,28300431400,19518054400,18185947100,20305770500,10997448700,10806338600,20133656600,20214980600,20435511300,20218247200,20306726900,10305794000
1628596800000,8/10/21 12:00,28510531600,19542233100,18327525400,20383782900,11069335600,10871528400,20231381000,20252401700,20421783600,20209676300,20311003100,10395342800
1628604000000,8/10/21 14:00,25068460000,19561195500,18843508700,20345352200,11086575600,10889916400,21277253600,20284897300,20462012400,20164280300,20320970800,10413391900
1628611200000,8/10/21 16:00,25755553800,19605526500,18997299200,20489451500,11168837600,10976542700,22304282600,20419379200,20619429900,20302299100,20441520100,10526512100
1628618400000,8/10/21 18:00,26741200900,19626106900,19387578400,20490258400,11234165800,11044134900,22282885100,20400760800,20615147500,20275288100,20433330200,10591721500
1628625600000,8/10/21 20:00,26830673900,19609444400,19917717500,20382789600,11259556900,11065842700,22276739100,20349861900,20566294500,20171759600,20414076900,10616965100
1628632800000,8/10/21 22:00,27236718600,19597860900,19911381000,20372934700,11256721400,11078198300,22276657200,20346392600,20551770100,20168081400,20414267400,10635229200
1628640000000,8/11/21 0:00,27392081900,19601965100,19907266600,20364204000,11284516900,11118072800,22255284200,20350177300,20544811000,20161210400,20402139100,10656682000
1628647200000,8/11/21 2:00,27392731100,19588659200,19895558100,20354230300,11307822100,11137284100,22244665300,20342665200,20541007900,20166289400,20388284400,10671005700
1628654400000,8/11/21 4:00,27436087300,19588202500,19894487000,20355096600,11330524200,11159582700,22243913700,20377909200,20544299000,20187250700,20389500900,10682248200
1628661600000,8/11/21 6:00,27459338200,19592861700,19906326500,20446050300,11369669600,11185109000,22267652100,20435447800,20559597600,20194881500,20421161000,10692772900
1628668800000,8/11/21 8:00,27657373700,19641282600,19970558000,20531759100,11407257600,11211001900,22244968400,20506941400,20597266400,20233353200,20465090600,10721313800
1628676000000,8/11/21 10:00,28356614100,19700039700,20012793900,20580669400,11445640200,11200608300,22165504000,20541855700,20683434000,20290519000,20491407400,10742808600
1628683200000,8/11/21 12:00,28536361000,19710722000,20028657700,20565827600,11539686400,11298880500,22147246100,20529135600,20641906700,20279834600,20503048200,10814223400
1628690400000,8/11/21 14:00,28618569700,19734800400,20132083700,20559018000,11551783900,11337309200,22213036000,20541194200,17920624600,20280381400,20522690600,10855711700
1628697600000,8/11/21 16:00,28896782300,19807490000,20066961400,20605528100,11594577900,11390259200,22190456800,20531261400,17519548400,20283516900,20524288000,10908362800
1628704800000,8/11/21 18:00,31356973100,19830392800,20075753500,20608090100,11663702000,11449636900,22195247100,20510548000,17554233300,20304527400,20518082600,10978638800
1628712000000,8/11/21 20:00,17938444300,15147928600,15944640500,15899683800,7794692600,8087555100,18219161600,17258127400,16286023700,16654346200,17122597900,9012886500
1628719200000,8/11/21 22:00,17435043800,16871762900,16696326100,16239851500,9439575000,9004071900,17230553100,16375149600,16031626200,16301301800,15383024600,9105051600
1628726400000,8/12/21 0:00,17475711000,17088020500,16737243100,16482048000,10239851500,10144075800,17309564900,16564970500,16097920000,17241874400,16202791900,9478614000
1628733600000,8/12/21 2:00,17443819500,17128308700,16725221400,16502879200,10287994900,10216056800,17295892500,16580986900,16104665100,17224771600,16233895900,9522221100
1628740800000,8/12/21 4:00,17746286600,17095280600,16710203400,16489562100,10315104300,10252010500,17273008100,16565354500,16088992800,17244323800,16386483200,9545195500
1628748000000,8/12/21 6:00,23609720800,17146652700,16781089800,16539505700,10356062200,10297628700,17320409100,16606957600,16148240400,18233966600,16511281200,9641723900
1628755200000,8/12/21 8:00,26512672800,17269970900,17132076000,17128078300,10415479800,10379384800,17634379800,16893531100,16542595100,19634473000,16764350500,9757468700
1628762400000,8/12/21 10:00,27760382000,17442525200,18028847100,18072084500,10522907600,10516885500,18109847600,17493147600,17182715900,19992338400,17259638800,9926791200
1628769600000,8/12/21 12:00,27946278900,17502365700,19015718900,18851627000,10606397400,10608450600,17974999000,18127667200,17813205000,20046395400,17923606500,9936173100
1628776800000,8/12/21 14:00,28013987800,17728159700,19464446000,19212331000,10653476900,10642772000,18429188100,18549303300,18292224000,20005343200,18510209000,9965363200
1628784000000,8/12/21 16:00,28210163700,17970292700,19567921200,19767779300,10732628000,10706619400,18000199700,19359918100,18836164600,20068980700,19187662800,10047497200
1628791200000,8/12/21 18:00,28225206300,18234320900,19604854800,19887325200,10791898100,10757377000,18095999000,19605141500,19520079900,20112572400,19525294100,10120858600
1628798400000,8/12/21 20:00,27993763800,18318149600,19619600400,19870040100,10823142400,10771333100,18070378500,19622920200,19636955100,20131321900,19547119600,10155169800
1628805600000,8/12/21 22:00,27931674600,18335135700,19602104300,19886721000,10876156900,10833894400,18076092400,19638812700,19690969100,20138760200,19581636600,10189839400
1628812800000,8/13/21 0:00,27931936800,18320359400,19581521900,19899877400,10962094100,10931857400,18085986300,19658680300,19683606500,20140912600,19590002700,10267119600
1628820000000,8/13/21 2:00,27926560800,18320752600,19574087700,19887362000,10976526300,10946647000,18077079600,19648933900,19671455700,20150728700,19586580500,10289766400
1628827200000,8/13/21 4:00,28016255000,18330665000,19573563400,19900768300,10978795500,10964235300,18064799700,19655675900,19675605000,20160280600,19591813100,10312643600
1628834400000,8/13/21 6:00,28085375000,18366466000,19624605700,19934251000,11005995000,10995922900,18060128300,19664050200,19791292400,20178087900,19591075800,10326601700
1628841600000,8/13/21 8:00,28061661200,18801018900,19696617500,19986100200,11087835100,11037674500,18108864500,19706394600,20030978000,20224548900,19630258200,10354400300
1628848800000,8/13/21 10:00,28215279600,19188531200,19856388100,20146047000,11120794600,11069666300,18304247800,19806998500,20168196100,20353501200,19734941700,10371201000
1628856000000,8/13/21 12:00,28430211100,19206361100,19856980000,20188661800,11161017300,11127672800,18339575800,19807268900,20165208100,20353419300,19767222300,10453174300
1628863200000,8/13/21 14:00,28495331300,19272505300,19880343600,20183781400,11180488700,11168594900,18271928300,19812063200,20206362600,20368416800,19798075400,10487664600
1628870400000,8/13/21 16:00,28598042600,19552718800,21187723300,20212029400,11206916100,11197067300,21225435100,19889367000,20268867600,20415930400,19842750500,10524749800
1628877600000,8/13/21 18:00,28584679400,19750369300,21375664100,20236507100,11228726300,11217023000,21821556700,19909660700,20271327200,20429680600,19861456900,10574114800
1628884800000,8/13/21 20:00,28397543400,19770972200,21375275000,20241541100,11261216800,11229353000,21753757700,19901843500,20265773100,20429170700,19848667100,10610590700
1628892000000,8/13/21 22:00,28318496800,19771011100,21383495700,20244125700,11275476000,11244991500,21748553700,19900307500,20267982800,20436629500,19844884500,10625895400
1628899200000,8/14/21 0:00,28251441200,19779733500,21390362600,20247255000,11325590500,11277376500,21767131100,19868141600,20276203500,20441761800,19848761300,10640948200
1628906400000,8/14/21 2:00,28239345700,19772624900,21382666200,20251228200,11354829800,11295420400,21774774300,19845832700,20266795000,20437674000,19842596900,10648631300
1628913600000,8/14/21 4:00,28309899300,19777003500,21388044300,20271538200,11379839000,11312569300,21774221300,19857813500,20261218300,20446838800,19843397600,10669022200
1628920800000,8/14/21 6:00,28335083500,19792803800,21404573700,20290111500,11436834800,11341435900,21796380700,19884490800,20299569200,20457918500,19865034800,10683065300
1628928000000,8/14/21 8:00,28268603400,19816263700,21430994900,20290029600,11453513700,11361509400,21830721500,19937400800,20320403500,20467548200,19892598800,10668206100
1628935200000,8/14/21 10:00,28314163200,19830251500,21458632700,20293363700,11450125300,11259527200,21852397600,19951679500,20340602900,20473100300,19906865200,10689372200
1628942400000,8/14/21 12:00,28603531300,19833825300,21472485400,20289069100,11445897200,11279473700,21844465700,19951296500,20344504300,20448843800,19924017200,10705061900
1628949600000,8/14/21 14:00,28298926100,19840768000,21481816100,20290992100,11404641300,11304490000,21857228800,19963484200,20351946800,20451137500,19941029900,10726096900
1628956800000,8/14/21 16:00,28311074800,19846723600,21462065200,20292237300,11412831200,11324800000,21842098200,19980275700,20354316300,20452829200,19942791200,10742500400
1628964000000,8/14/21 18:00,28281389100,19845621800,21452546000,20304982000,11431960600,11338141700,21834960900,19970836500,20363167700,20446322700,19938846700,10763737100
1628971200000,8/14/21 20:00,28284796900,19836168200,21455532000,20297742300,11453984800,11354743800,21847695400,19970082800,20366798800,20436693000,19924944900,10784753700
1628978400000,8/14/21 22:00,28280375300,19840776200,21458909200,20299151400,11479125000,11380644900,21849774100,19960887300,20366235600,20431616000,19920025600,10809589800
1628985600000,8/15/21 0:00,28275845100,19839526900,21462526000,20298946600,11511050200,11436757000,21855453200,19966615600,20365441000,20438595600,19922108400,10842294300
1628992800000,8/15/21 2:00,28263807000,19836543000,21475649500,20299911200,11525990400,11444259800,21848569900,19964729300,20303882200,20427974700,19910199300,10864422900
1629000000000,8/15/21 4:00,28268998700,19840247800,21484990500,20310515700,11547112400,11462455300,21851988000,19961854000,20301340700,20431288300,19907455000,10875975700
1629007200000,8/15/21 6:00,28279173100,19863572500,21489141800,20322801700,11562278900,11486224400,21866936300,19982245900,20308408300,20443363300,19905482800,10829114400
1629014400000,8/15/21 8:00,28280199200,19850330100,21489702900,20328761300,11559090200,11490062300,21880270800,19975266300,20321837100,20439195600,19923234800,10804111400
1629021600000,8/15/21 10:00,28263653400,19853764600,21503526900,20336246800,11579955200,11484287000,21902995500,19985549300,20341221400,20438302700,19924310000,10823360500
1629028800000,8/15/21 12:00,28269668400,19855669200,21512658900,20344649700,11599810600,11499397100,21908729900,19990972400,20354828300,20457912300,19931168800,10857645100
1629036000000,8/15/21 14:00,28271165400,19868457000,21518346200,20364896300,11624034300,11518683100,21916917800,19999408100,20369731600,20456431600,19954399200,10874260500
1629043200000,8/15/21 16:00,28275974100,19886284800,21522632700,20386807800,11654229000,11538610200,21913579500,20003276800,20387987500,20467476500,19987605500,10906094600
1629050400000,8/15/21 18:00,28277096400,19878035500,21491431400,20403083300,11670436900,11558415400,21905555500,19994703900,20378056700,20466898900,19993841700,10929932300
1629057600000,8/15/21 20:00,16504997900,12898172900,17069040600,14525715500,7361854000,8239178200,15092024300,14556174300,16064389100,16643995600,16527482900,8898093100
1629064800000,8/15/21 22:00,17505275900,12387125200,18498560000,15913611300,9590049800,9255372800,14700984300,15274755100,15894677500,16065505300,15683570700,8175574500
1629072000000,8/16/21 0:00,17572302800,15456534500,18740924400,16202288100,10300411900,10060476400,15850874900,16231917600,15982526500,16222525400,16009637900,9493126100
1629079200000,8/16/21 2:00,17541668900,16240421900,18780295200,16336044000,10347315200,10128071700,15866257400,16253818900,15991128100,16228047900,16025178100,9539059700
1629086400000,8/16/21 4:00,17906989100,16196737000,18833162200,16314164200,10378609700,10159418400,15847716900,16247320600,16000155600,16214986800,15988512800,9571136500
1629093600000,8/16/21 6:00,24249985000,16389748700,19189377000,16460778500,10444581900,10203174900,16889379800,16308638700,16300667900,16393671700,16165702700,9677607900
1629100800000,8/16/21 8:00,26745702400,16681466900,19513174000,16761528300,10554193900,10323221500,19351992300,16702263300,16895894500,17146904600,16547683300,9786161200
1629108000000,8/16/21 10:00,28188016600,17037194200,19828510700,17720066000,10612720600,10472622100,19631249400,17875550200,18037977100,18023473200,17186086900,9865835500
1629115200000,8/16/21 12:00,28257034200,17120602100,19914407900,18688024600,10621149200,10487576600,19713873900,18682499100,18944950300,18900111400,17901025300,9902820400
1629122400000,8/16/21 14:00,28427135000,17357715500,19940481000,19156527100,10676397100,10544827400,19732365300,19279497200,19869384700,19601811500,18556776400,9944814600
1629129600000,8/16/21 16:00,28467988500,18058313700,20155224100,19865149400,10730078200,10574595100,19913902100,20057813000,20031576100,20548364300,19481018400,9995568100
1629136800000,8/16/21 18:00,28439183400,18485665800,20193632300,20055715800,10795366400,10599375900,19950637100,20121782300,20179105800,20607100900,19725094900,10042328100
1629144000000,8/16/21 20:00,28284053500,18634082300,20156278800,19868327900,10862383100,10658553900,19886405600,20240420900,19999967200,20482353200,19613687800,10120898600
1629151200000,8/16/21 22:00,28182620200,18644400100,20158447600,19834306600,10897710100,10676205600,19889197100,20233627600,19973744600,20477517800,19609532400,10122034200
1629158400000,8/17/21 0:00,28244723700,18609070100,20164818900,19851718700,10982790100,10720993300,19904278500,20248186900,19958730800,20484519900,19618670600,10144995300
1629165600000,8/17/21 2:00,28249178100,18571327500,20145016800,19827257300,11013238800,10730700800,19885221900,20235808800,19971889200,20480659500,19619016700,10154842100
1629172800000,8/17/21 4:00,28280209400,18530512900,20151828500,19823605800,11043548200,10744566800,19873736700,20230389800,19955660800,20479479800,19611861000,10168796200
1629180000000,8/17/21 6:00,28299849700,18923853800,20178362400,19827871700,11065274400,10796873700,19896432600,20235909100,19976529900,20412301300,19605819400,10181485600
1629187200000,8/17/21 8:00,28288747500,19886731300,20274628600,20021076000,11131719700,10887450600,19921623000,20323874800,20030302200,20442632200,19646124000,10350581800
1629194400000,8/17/21 10:00,28499546100,19995019300,20455917600,20290426900,11170602000,10954393600,20116348900,20508172300,20190228500,20620650500,19840653300,10470928400
1629201600000,8/17/21 12:00,28539975700,19759448100,20446013400,20361850900,11225920500,10998127600,20188715000,20291004400,20214409200,20686229500,19840862200,10503857200
1629208800000,8/17/21 14:00,28583065600,19629811700,20410626000,20356153300,11262274600,11055423500,20103438300,20320276500,20186193900,20657360900,19820032000,10578029600
1629216000000,8/17/21 16:00,28654852100,19659673600,20522580000,20381900800,11285794800,11057436700,18661724200,20494078000,20300427300,20726949900,19985578000,10574791700
1629223200000,8/17/21 18:00,28664197100,19680827400,20515235800,20383092700,11328314400,11076657200,17447819300,20536641500,20337279000,20715647000,19963453400,10595132400
1629230400000,8/17/21 20:00,28441024500,19659022300,20428935200,20367390700,11356583900,11097312300,17414445100,20383492100,20240121900,20634073100,19852406800,10624120800
1629237600000,8/17/21 22:00,28336042000,19642976300,20432214000,20363612200,11367831600,11119447000,17402812400,20368826400,20223230000,20616691700,19844681700,10624050200
1629244800000,8/18/21 0:00,28310962200,19647035400,20428126200,20364714000,11405706200,11168602100,17400791000,20345327600,20234414100,20611448800,19847411700,10665504800
1629252000000,8/18/21 2:00,28312670200,19649867800,20419971100,20360212500,11462891500,11228289000,17391718400,20331300900,20229677100,20612888600,19846934500,10715252700
1629259200000,8/18/21 4:00,28369403900,19655727100,20426559500,20371609600,11481997300,11247792100,17402607600,20335052800,20249546800,20625893400,19853586400,10742478800
1629266400000,8/18/21 6:00,28411955200,19646541800,20455796700,20402565100,11510278100,11289769000,17466269700,20373811200,20288241700,20652064800,19881726000,10751172600
1629273600000,8/18/21 8:00,28438550500,19666612200,20536082400,20480088100,11518007300,11317187600,17571192800,17131984900,20339462100,20712013800,19940710400,10776033300
1629280800000,8/18/21 10:00,27661271000,19682715600,20702554100,20648097800,11537446900,11338124300,17643147300,18492469200,20480079900,20855150600,20074444800,10795234300
1629288000000,8/18/21 12:00,26777163800,19698327600,20746182700,20635541500,11566012400,11351869400,17715224600,20212734000,20438575100,20885518300,20127238100,10817561600
1629295200000,8/18/21 14:00,27617718300,19723364400,20625102800,20582250500,11586875400,11372036100,18181830700,20258254800,20376586200,20741670900,20054155300,10834525200
1629302400000,8/18/21 16:00,27977955300,19766693900,20673693700,20548792300,11654778900,11438945300,18213535700,20255651800,20411312100,20803500000,21987692500,10920691700
1629309600000,8/18/21 18:00,28069652500,19751258100,20601696300,20283549700,11675344900,11465152500,18190299100,20259567600,20402522100,20773228500,22286827500,10959246300
1629316800000,8/18/21 20:00,17844455400,16375325700,18082926600,17639753700,9669907500,9656657900,15701384200,17108479000,16796793900,16338552800,16833229800,8932014100
1629324000000,8/18/21 22:00,18000969700,17398421500,18393157600,17535131600,11102591000,10915133400,16840582100,17195366400,16559181800,17347979300,16325134300,10531817500
1629331200000,8/19/21 0:00,19349680100,17897236500,18358644700,17548970000,11169460200,10957307900,16912273400,17170442200,16583263200,17423824900,16300952600,10604408800
1629338400000,8/19/21 2:00,19305990100,17963130900,18326919200,17530726400,11180792800,10959192100,16901740500,17160215600,16582672400,17399560200,16295248900,10596426800
1629345600000,8/19/21 4:00,20152584200,17978521600,18341732400,17538082800,11213747200,10972339200,16900835300,17167292400,16609487900,17410125800,16290211800,10621612000
1629352800000,8/19/21 6:00,27403018200,18002307100,18698307600,18504052700,11320073200,10996225000,16970568700,17231714300,16682998800,17470677000,16413516800,10661752800
1629360000000,8/19/21 8:00,27890288600,18061115400,20007796700,19551766500,11358691300,11051999200,17282426900,17326805000,16982986800,17747992600,18215098400,10698322900
1629367200000,8/19/21 10:00,28282071000,18529275900,20202801200,19946270700,11411831800,11096861700,17384278000,17430405100,17371105300,18107537400,18549649400,10840497200
1629374400000,8/19/21 12:00,28554407900,19348670500,20221648900,20218429400,11707727900,11267684400,18073313300,20379295700,17906354200,18732664800,19047118800,11013064700
1629381600000,8/19/21 14:00,28346892300,19602561000,20352866300,20397817900,11878925300,11418433500,18930528300,25199495200,18808518700,19772201000,19546839000,11156076500
1629388800000,8/19/21 16:00,28150050800,19614031900,20379134000,20413599700,11845687300,11414369300,19538427900,25068726300,19567759400,20191846400,19967920100,11152373800
1629396000000,8/19/21 18:00,28484108300,19655735300,20386125800,20652556300,11896439800,11461376000,20108369900,25026019300,20051392500,20250859500,20234496000,11222751200
1629403200000,8/19/21 20:00,28415830000,19668336600,20355651600,20521453600,11914090500,11473859600,20114520100,25005850600,20024965100,20261083100,20283959300,11152582700
1629410400000,8/19/21 22:00,28262873100,19685290000,20326144000,20464427000,11860023300,11465306100,20097503200,25015359500,19995181100,20272392200,20262557700,11131471900
1629417600000,8/20/21 0:00,28270354400,19710300200,20340234200,20427833300,11883406300,11490718700,20111923200,25101443100,20016807900,20298618900,20261050400,11132017700
1629424800000,8/20/21 2:00,28268630000,19671656400,20331659300,20403363800,11900486700,11478472700,20102905900,25040568300,20003055600,20288593900,20223553500,11143034900
1629432000000,8/20/21 4:00,28349311000,19643951100,20333604900,20409450500,11901212700,11488711700,20111353900,25033279500,20007970800,20291231700,20228898800,11148841000
1629439200000,8/20/21 6:00,28444065800,19699566600,20330754000,20431611900,11923723300,11470058500,20136777700,25068347400,20033482800,20276828200,20249929700,11169361900
1629446400000,8/20/21 8:00,28466774000,19745003500,20375816200,20387579900,11940361200,11474929700,20143841300,25165039600,20287537200,20306063400,20306122800,11198537700
1629453600000,8/20/21 10:00,28724930600,19778641900,20549177300,20472168400,11958678500,11496646700,20218744800,25479088100,20326754300,20445446100,20336607200,11118265300
1629460800000,8/20/21 12:00,28836466700,19772028900,20559675400,20488722400,11956374500,11500659700,20231612400,25285705700,20238450700,20521480200,20379588600,11114880000
1629468000000,8/20/21 14:00,28867911700,19779838000,20535142400,20456822800,11984678900,11517303800,20219893800,25224773600,20200732700,20560658400,20496201700,11142185000
1629475200000,8/20/21 16:00,28962725900,19817674800,20583637000,20516354000,11996549100,11532457000,20216860700,25275332600,22544326700,20692817900,20572538900,11159063600
1629482400000,8/20/21 18:00,28990881800,19835535400,20601518100,20513611800,12044395500,11563590700,20232423400,25269450800,22726221800,20657410000,20592140300,11184287700
1629489600000,8/20/21 20:00,28762386400,19853006800,20600490000,20524763100,12121350100,11662002200,20239261700,25272807400,22677891100,20567232500,20596674600,11364332500
1629496800000,8/20/21 22:00,28686696400,19842439200,20601294800,20533905400,12125244400,11656196100,20239091700,25251242000,22638948400,20567588900,20592001000,11347238900
1629504000000,8/21/21 0:00,28635037700,19711268900,20503152600,20443476000,12116241400,11644647400,20118120400,25175939100,22606313500,20534685700,20477386800,11341273100
1629511200000,8/21/21 2:00,28625524700,19711608800,20482836500,20446492700,12107107300,11641114600,20099203100,25180350500,22602897400,20520280100,20468123600,11320508400
1629518400000,8/21/21 4:00,28718692400,19714562000,20484612100,20458623000,12109607900,11641222100,20096000000,25195020300,22605326300,20503572500,20437665800,11333484500
1629525600000,8/21/21 6:00,28696455200,19699140600,20469305300,20406933500,12103194600,11621023700,20112171000,25169782800,22592739300,20497145900,20447019000,11356046300
1629532800000,8/21/21 8:00,28721119200,19725322200,20504070100,20442066900,12091456500,11643362300,20135497700,25202266100,22638307300,20589377500,20502595600,11342579700
1629540000000,8/21/21 10:00,28723304400,19748249600,20526223400,20456941600,12092635100,11646826500,20150028300,25217972200,22658727900,20610965500,20518770700,11342914600
1629547200000,8/21/21 12:00,28694915100,19742531600,20516059100,20442503200,12093999100,11655400400,20156233700,25200666600,22647224300,20595816400,20509358100,11348592600
1629554400000,8/21/21 14:00,28713377800,19745112100,20516702200,20439912400,12101028900,11660022800,20152600600,25194684400,22623504400,20594456600,20513234900,11350200300
1629561600000,8/21/21 16:00,28758216700,19750875100,20511352800,20444885000,12105476100,11656056800,20162097200,25183066100,22631317500,20600047600,20526889000,11358051300
1629568800000,8/21/21 18:00,28726339600,19752171500,20516673500,20453079000,12095783900,11659868200,20134152200,25194733600,22641887200,20592420900,20493830100,11350387700
1629576000000,8/21/21 20:00,28675485700,19729547300,20510103600,20451532800,12096874500,11659792400,20117129200,25199910900,22640433200,20581517300,20481792000,11303538700
1629583200000,8/21/21 22:00,28687093800,19751669800,20522936300,20459216900,12108867600,11654264800,20128210900,25208127500,22651496400,20604362800,20488738800,11313299500
1629590400000,8/22/21 0:00,28702060500,19726802900,20538267600,20460642300,12161737700,11757672400,20139286500,25209962500,22656600100,20628946900,20498837500,11336455200
1629597600000,8/22/21 2:00,28688285700,19704870900,20523616300,20428468200,12179047400,11768382500,20127553500,25196472300,22650806300,20638918700,20496367600,11405953000
1629604800000,8/22/21 4:00,28729897000,19708784600,20532934700,20434923500,12177187800,11761728500,20127369200,25194104800,22652796900,20650543100,20502661100,11410046000
1629612000000,8/22/21 6:00,28734052400,19726635000,20558598100,20474110000,12196938800,11776585700,20134385700,25209888800,22653227000,20615573500,20512813100,11447448600
1629619200000,8/22/21 8:00,28684140500,19749754900,20572493800,20490377200,12197474300,11784144900,20135348200,25213014000,22656864300,20610799600,20521011200,11460036600
1629626400000,8/22/21 10:00,28681582600,19762767900,20580511700,20507177000,12199485400,11787288600,20135852000,25217372200,22650015700,20614606800,20523649000,11461893100
1629633600000,8/22/21 12:00,28690948100,19769380900,20582334500,20499806200,12206160900,11789503500,20139337700,25221056500,22647533600,20619556900,20533289000,11465133100
1629640800000,8/22/21 14:00,28694851600,19784693800,20584917000,20500613100,12209102800,11795007500,20142317600,25232203800,22650871800,20631814100,20529213400,11475765200
1629648000000,8/22/21 16:00,28755808300,19797690400,20586201100,20503466000,12206388200,11798941700,20143826900,25231398900,22650933200,20641159200,20536281100,11487271900
1629655200000,8/22/21 18:00,28731940900,19804731400,20584826900,20503803900,12197097500,11806385200,20153913300,25233193000,22665089000,20647583700,20533936100,11450367000
1629662400000,8/22/21 20:00,13270248400,13505024000,15704798200,14594147300,7901633500,7702701100,15775039500,17845372900,17874235400,16660555800,16786357200,8954683400
1629669600000,8/22/21 22:00,16170173400,16554550300,17013520400,16300899300,10078496800,9260688400,16809452500,16053059600,15967653900,12666816500,16036177900,8232938500
1629676800000,8/23/21 0:00,16260922400,16811474900,17042452500,16587849700,10719837200,9987808300,16906994700,16432827400,16543841300,15534173200,16267327500,9452653600
1629684000000,8/23/21 2:00,16263928800,16878067700,17019710500,16628001800,10761411600,10056840200,16914288600,16483415000,16661531600,16037914600,16277216300,9502036000
1629691200000,8/23/21 4:00,16639071200,16887844900,17009611800,16607854600,10800079900,10090677200,16884399100,16467124200,16644139000,16048238600,16236045300,9520265200
1629698400000,8/23/21 6:00,22029307900,17160741900,17081401300,16694179800,10866965500,10131939300,16892490800,16533129200,16877133800,17318168600,16399867900,9625259000
1629705600000,8/23/21 8:00,25320865800,19020978200,17664276500,17245106200,10948774900,10234712100,17141801000,17601738800,17240199200,19444084700,16929855500,9715089400
1629712800000,8/23/21 10:00,27225792500,19170654200,19018266600,18895599600,11162182700,10398043100,17803927600,18877435900,17945135100,19893463000,17919008800,9891641300
1629720000000,8/23/21 12:00,28118779900,19252314100,20070074400,20054118400,11333656600,10490348500,18899302400,19868594200,19177295900,20482543600,19703054300,10026613800
1629727200000,8/23/21 14:00,28432668700,19308808200,20135637000,20185561100,11380131800,10525534200,19737673700,19995494400,19832875000,20487479300,19920760800,10066599900
1629734400000,8/23/21 16:00,28727228400,19403864100,20286208000,20336986100,11446305800,10576543700,19952508900,20242651100,20026472400,20568188900,20116645900,10121975800
1629741600000,8/23/21 18:00,28816203800,24129040400,20377047000,20376985600,11540708400,10653228000,20011663400,20322269200,20122093600,20603299800,20197859300,10194624500
1629748800000,8/23/21 20:00,28636098600,24572983300,20266182700,20201642000,11717539800,10816087000,19905286100,20133326800,20003192800,20635095000,20065433600,10391580700
1629756000000,8/23/21 22:00,28530991100,24585490400,20142409700,20104288300,11756044300,10849687600,19859734500,20095125500,19896387600,20637644800,19980036100,10411780100
1629763200000,8/24/21 0:00,28526956500,24533989400,20117637100,20093546500,11785726000,10884705300,19814979600,20100304900,19893250000,20631699500,19979554800,10430708700
1629770400000,8/24/21 2:00,28533602300,24525043700,20114118700,20078514200,11798527000,10902313000,19814303700,20092487700,19895183400,20622555100,19973664800,10453165100
1629777600000,8/24/21 4:00,28595761200,24530507800,20129142800,20084506600,11814187000,10934115300,19795130400,20092866600,19905945600,20627761200,19982712800,10477960200
1629784800000,8/24/21 6:00,28576622600,24577708000,20140795900,20112777200,11823763500,10981099500,19802665000,20120936400,19914192900,20650072100,20013361200,10502179800
1629792000000,8/24/21 8:00,28610738200,24615319600,20222087200,20211374100,11843419100,10989589500,19859251200,20257574900,19998679000,20726206500,20064538600,10511475700
1629799200000,8/24/21 10:00,28863991800,24687917100,20510636000,20487882800,11856978900,10996092900,20074919900,20575776800,20287230000,20991127600,21213489200,10499436500
1629806400000,8/24/21 12:00,28946047000,24690882600,20521650200,20530260000,11882958800,10984375300,20207849500,16834672600,20402227200,21085130800,21712107500,10567656400
1629813600000,8/24/21 14:00,28985776100,24719988700,20499351600,20494344200,11914771500,11024061400,20052232200,14397152300,20330922000,20999962600,21644322800,10475179000
1629820800000,8/24/21 16:00,29125380100,24786655200,20668579800,20660027400,11947933700,11073111000,20198910000,14752316400,20513830900,21191966700,21789483000,10555318300
1629828000000,8/24/21 18:00,29109377000,24779931600,20692400100,20690061300,11991711700,11136461800,20205752300,14764230700,20542109700,21180540900,21826375700,10720399400
1629835200000,8/24/21 20:00,28896262100,24775903200,20526372900,20481681400,12018462700,11161178100,20061079600,14615206900,20393158700,21021558800,21711024100,10746975200
1629842400000,8/24/21 22:00,20874254300,11463141400,11996284900,13196643300,9344345100,8196662800,11592608800,11253089300,11827419100,13297426400,12734743600,8143428600
1629849600000,8/25/21 0:00,20985585700,11113966600,11872000000,12540412900,11054536700,9865823200,11649419300,11445019600,11702740000,12459817000,12469132300,10627392500
1629856800000,8/25/21 2:00,20992987100,11218989100,11842895900,12535912400,11165007900,10632302600,11663793200,12047666200,11702871000,12520586200,12419120100,10643751900
1629864000000,8/25/21 4:00,21070612500,11346134000,11824751600,12539995100,11181027300,10652490800,11668139000,12417600500,11742644200,12666757100,12430415900,10665223200
1629871200000,8/25/21 6:00,21129470000,11499065300,12366677000,12612140000,11208259600,10651486200,12376607700,12575476700,12398827500,12561375200,12582986800,10701367300
1629878400000,8/25/21 8:00,21285707800,12529181700,13202289700,12963988500,11338154000,10776454100,14232848400,15288400900,12777838600,12781873200,13157763100,10822345700
1629885600000,8/25/21 10:00,22908018700,16059018200,14480320500,14132128800,11462757400,11006289900,15800245200,16952896500,13313880100,14420921300,13464282100,10944547800
1629892800000,8/25/21 12:00,23321743400,17480708100,17068991500,14138743800,11503737900,11069145100,16691671000,17672175600,13386863600,15747195900,13525510100,11021169700
1629900000000,8/25/21 14:00,23446706200,17536976900,16983475200,14172640300,11556818900,11112747000,17712160800,17631721500,15239584800,15295029200,14038975500,11088366600
1629907200000,8/25/21 16:00,23974592500,17797599200,17265682400,14367599600,11600118800,11152646100,18386006000,17660289000,13668069400,18429394900,17276020700,11123308500
1629914400000,8/25/21 18:00,24035625000,18951919600,17345843200,14435865600,11618036700,11183276000,18561572900,17742141400,13478368300,16257412100,17236717600,11128084500
1629921600000,8/25/21 20:00,17522362400,16615861200,15679948800,15897847800,7745440800,8308842500,15999409200,15780597800,13799150600,14542030800,15535816700,9117493200
1629928800000,8/25/21 22:00,17886040100,18097961000,17183438800,17876279300,9850935300,9695484900,16911947800,17021009900,16436911100,14561564700,17099484200,8891328500
1629936000000,8/26/21 0:00,17951635500,18355093500,17225711600,19420225500,10122458100,9910492200,17044628500,17208901600,16491850800,14689765400,17275998200,9589220400
1629943200000,8/26/21 2:00,17926834200,18393579500,17204310000,19505936400,10156249100,9974750200,17054348300,17227474900,16497822700,14691523600,17281191900,9644761100
1629950400000,8/26/21 4:00,18267189200,18354710500,17187524600,19492343800,10190060500,10001184800,17027185700,17193918500,16476856300,14679016400,17267896300,9674356700
1629957600000,8/26/21 6:00,24585228300,18422210600,17210456100,19554742300,10247501800,10039461900,17342638100,17261047800,16519067600,15269238800,17395529700,9761260500
1629964800000,8/26/21 8:00,26612475900,18703474700,17461352400,19629281300,10330558500,10154241000,19517976600,17796964400,15768311800,16389139500,17764778000,9869875200
1629972000000,8/26/21 10:00,27810334700,18781859800,18790852600,18311884800,10477976600,10215540700,20056672300,18582429700,15095288800,17775652900,18270838800,10132996100
1629979200000,8/26/21 12:00,28865316900,18870102000,19808749600,18335952900,10559756300,10294170600,20198658000,18873897000,15222935600,17922510800,18957453300,10190737400
1629986400000,8/26/21 14:00,28987945000,18985568300,20130777100,18382456800,10610470900,10325919700,20260124700,18802788400,15302267900,17969078300,19362377700,10231409700
1629993600000,8/26/21 16:00,29069885400,19306924000,20302411800,18457243600,10672740400,10357639200,20397416400,19007633400,15402958800,18278590500,19920617500,10276675600
1630000800000,8/26/21 18:00,29047939100,16343726100,20032864300,18476554200,10775115800,10425311200,20423680000,19067791400,15391822800,18087972900,20069406700,10349491200
1630008000000,8/26/21 20:00,28913274900,12894798800,19872110600,18457837600,10820549600,10471094300,20246446100,18874519600,15421956100,18119716900,19939227600,10414497800
1630015200000,8/26/21 22:00,28818534400,12899764200,19763789800,18484330500,10848645100,10496482300,20192362500,18839484400,15428053000,18134284300,19883071500,10420661200
1630022400000,8/27/21 0:00,28818001900,12906402800,19744280600,18496809000,10879810600,10530279400,20200466400,18840563700,15420071900,18134749200,19885140000,10474531800
1630029600000,8/27/21 2:00,28824621100,12908293100,19729154000,18472286200,10898637800,10545698800,20181970900,18827489300,15403103200,18096185300,19872905200,10502979600
1630036800000,8/27/21 4:00,28926744600,12912865300,19733342200,18483091500,10924316700,10580455400,20196593700,18816925700,15420319700,18099583000,19885596700,10526362600
1630044000000,8/27/21 6:00,28951582700,13004346400,19786369000,18520211500,10959983600,10628646900,20210640900,18818433000,15447322600,18133608400,19894988800,10527284200
1630051200000,8/27/21 8:00,28942121000,13624384500,19889365000,18626930700,11010695200,10656165900,20294795300,18916200400,15556953100,18266875900,20419985400,10553813000
1630058400000,8/27/21 10:00,29261025300,13799131100,20196413400,18969014300,11045207000,10635023400,20572807200,19279847400,15800891400,19456735200,22371229700,10578908200
1630065600000,8/27/21 12:00,29318965200,13821128700,20300161000,19055749100,11090208800,10642585600,20738523100,19338580000,15869665300,19927224300,22397980700,10620762100
1630072800000,8/27/21 14:00,29345597400,13850931200,20190189600,19002933200,11172549600,10726679600,20681967600,19398953000,15793867800,19852230700,22420039700,10689296400
1630080000000,8/27/21 16:00,29447737300,13901633500,20324358100,19126388700,11222077400,10771346400,20749715500,19511230500,16160481300,20030634000,22445717500,10737529900
1630087200000,8/27/21 18:00,27746338800,13876704300,20373121000,19222659100,11269299200,10804945900,20745465900,19508328400,16476352500,20088113200,22459992100,10775205900
1630094400000,8/27/21 20:00,26176122900,13856425000,20157644800,19087018000,11295094800,10823917600,20597612500,19332571100,16314755100,19912972300,22456436700,10806992900
1630101600000,8/27/21 22:00,26100887600,13857002500,20138620900,19086465000,11313660900,10852267000,20598489100,19265278000,16236198900,19870042100,22453313500,10817944600
1630108800000,8/28/21 0:00,26065270800,13878348800,20150169600,19099066400,11369118700,10887889900,20584382500,19249403900,16235926500,19884175400,22462640100,10834658300
1630116000000,8/28/21 2:00,26074355700,13888022500,20146290700,19090276400,11394392100,10901313500,20576866300,19222114300,16225857500,19885609000,22459607000,10856660000
1630123200000,8/28/21 4:00,26151288800,13896236000,20145510400,19092924400,11414702100,10910812200,20591429600,19221223400,16237332500,19896412200,22466056200,10871021600
1630130400000,8/28/21 6:00,26219081700,13878017000,20168149000,19105914900,11487584300,10971003900,20628078600,19241322500,16292771800,19917881300,22497114100,10921782300
1630137600000,8/28/21 8:00,26142441500,13880262700,20202926100,19099674600,11505692700,10974570500,20650745900,19281317900,16976878600,19956434900,22515501100,10953510900
1630144800000,8/28/21 10:00,26137317400,13899190300,20223684600,19119792100,11534245900,10989104100,20676302800,15125408800,17056506900,19979188200,22550886400,10971318300
1630152000000,8/28/21 12:00,26126819300,13914740700,20217501700,19117105200,11541123100,11008564200,20677283800,15241497600,17108721700,19982932000,22557255700,10990263300
1630159200000,8/28/21 14:00,26153781200,13918976000,20189859800,19116935200,11496647700,11029122000,20635559900,15253618700,17110864900,19994495000,22508580900,11000672300
1630166400000,8/28/21 16:00,26188288000,13922396200,20181403600,19115350000,11498571800,11053133800,20632823800,15290385400,17117070300,20005830700,22523787300,11017884700
1630173600000,8/28/21 18:00,26196928500,13902391300,20172775400,19073220600,11517526000,11081220100,20638562300,15269166100,17119098900,20020279300,22529175600,11041176600
1630180800000,8/28/21 20:00,26200404000,13865180200,20173058000,19070672900,11543075800,11102968800,20637239300,15266198500,17116954600,19961489400,22535426000,11067989000
1630188000000,8/28/21 22:00,26194464800,13867284500,20171972600,19059363800,11570074600,11125017600,20645701600,15273997300,17124486100,19964368900,22531246100,11097910300
1630195200000,8/29/21 0:00,26129987600,13868202000,20168945700,19052798000,11596754900,11129468900,20654170100,15294844900,17140523000,19970385900,22544558100,11134599200
1630202400000,8/29/21 2:00,26134661100,13873133600,20180883500,19028662300,11613015000,11139246100,20650786800,15301597200,17147926500,19966152700,22542012400,11158686700
1630209600000,8/29/21 4:00,26194174000,13875913700,20186953700,19020142600,11637161000,11151149100,20630298600,15300342800,17149788200,19962396700,22535204900,11172189200
1630216800000,8/29/21 6:00,26219327500,13907794900,20195844100,19040100400,11635498000,11204224000,20648257500,15326295000,17156845600,19982854100,22528507900,11188568100
1630224000000,8/29/21 8:00,26161852400,13931879400,20197208100,19056685100,11633264600,11232828400,20665376800,15337845800,17171484700,19970347000,22532653100,11170837500
1630231200000,8/29/21 10:00,26163601400,13937983500,20208443400,19068725200,11644011500,11244808200,20676134900,15320684500,17174762500,19979401200,22545420300,11183305700
1630238400000,8/29/21 12:00,26177417200,13939794900,20207691800,19072294900,11665266700,11262731300,20688549900,15296307200,17139131400,19978225700,22545397800,11205725200
1630245600000,8/29/21 14:00,26175354900,13944310800,20210610200,19073785900,11689433100,11290339300,20708763600,15301948400,17146216400,19945801700,22548797400,11236399100
1630252800000,8/29/21 16:00,26178727900,13948940300,20215404500,19080101900,11703561200,11294619600,20711323600,15310404600,17157227500,19955038200,22554228700,11260027900
1630260000000,8/29/21 18:00,25531486200,13947302900,20210935800,19088058400,11723908100,11319356400,20665696300,15317060600,17163920400,19952394200,22552539100,11344807900
1630267200000,8/29/21 20:00,13642807300,14927174700,13693073400,13912534000,9057143800,8503694800,16366996500,14182841300,14993855500,15996605400,16833118200,9167717400
1630274400000,8/29/21 22:00,15763898400,16464978900,16173176800,15902227500,10253934600,9685721100,15317360600,16660391900,15692965900,14688727000,15300127700,8701792300
1630281600000,8/30/21 0:00,15948428300,16734825500,16949171200,16140958700,10327374800,9933016100,16243321900,17090096100,15786934300,15844725800,15812828200,9492144100
1630288800000,8/30/21 2:00,15917260800,16781449200,16946199600,16186756100,10365669400,9994777600,16576251900,17148728300,15798119400,15853888500,15846089700,9532895200
1630296000000,8/30/21 4:00,16383071200,16739803100,16937614300,16177181700,10394657800,10020387800,16563896300,17115420700,15782250500,15850569700,15828688900,9560742900
1630303200000,8/30/21 6:00,22395189200,16803078100,17002762200,16340609000,10456349700,10064876500,16644021200,17522634800,15941750800,16524854300,16148341800,9651855400
1630310400000,8/30/21 8:00,25769426900,17224534000,17722456100,17162025000,10550137900,10164338700,17858234400,18107549700,16432779300,19315394600,18173601800,9779682300
1630317600000,8/30/21 10:00,27331495900,17684533200,19205644300,19383044100,10617749500,10217602000,19677448200,18811150300,18847684600,20094380000,19951294500,9846338600
1630324800000,8/30/21 12:00,28407615500,18009743400,20111136800,19809009700,10676661200,10252086300,19814307800,19425978400,19227713500,20227004400,20238850000,9952504800
1630332000000,8/30/21 14:00,28521752600,18623082500,20199919600,19882121200,10755517400,10288235500,19890475000,16862249000,19626797100,20293650400,20277626900,10009060400
1630339200000,8/30/21 16:00,28780732400,19500062700,20533129200,20042741800,10801413100,10327930900,20032028700,17025751000,19963959300,20420276200,20474263600,10054705200
1630346400000,8/30/21 18:00,28749342700,19519643600,20746168300,20139161600,10842610700,10361004000,20096524300,17070007300,20051636200,20436459500,20499191800,10189587500
1630353600000,8/30/21 20:00,28454893600,19534846000,16425547800,20020891600,11024331800,10486945800,19930255400,16880610300,19941750800,20339126300,20340410400,10393021400
1630360800000,8/30/21 22:00,28318148600,19553394700,15221409800,19941808100,11053517800,10528354300,19835367400,16759539700,19836393500,20193755100,20273025000,10420323300
1630368000000,8/31/21 0:00,28322218000,19516481500,15197013000,19940231200,11091625000,10580327400,19844786200,16774478800,19791886300,20138004500,20231833600,10445873200
1630375200000,8/31/21 2:00,28310333400,19524319200,15180825600,19911667700,11102766100,10595176400,19846246400,16776045600,19785023500,20135086100,20244781100,10450572300
1630382400000,8/31/21 4:00,28399378400,19534512100,15188628500,19913760800,11132205100,10625111000,19857782800,16777278500,19790184400,20154976300,20253861900,10465602600
1630389600000,8/31/21 6:00,28343869400,19565375500,15213239300,19939264500,11153530900,10663018500,19878027300,16772044800,19826735100,20195049500,20283226100,10509226000
1630396800000,8/31/21 8:00,28376248300,19615105000,15293172700,20063660000,11172736000,10694776800,19959023600,17363175400,19914532900,20307681300,20393302000,10547381200
1630404000000,8/31/21 10:00,28685010900,19659716600,16479994900,20327995400,11147480100,10688815100,20244695000,19893782500,20224174100,20644767700,20702498800,10531207200
1630411200000,8/31/21 12:00,28748869600,19684952100,21386670100,20343572500,11171185700,10715620400,20301266900,20748548100,20282478600,20716685300,20762648600,10565520400
1630418400000,8/31/21 14:00,28816422900,17561632800,21207699500,20374446100,11206708200,10741693400,20325994500,19560876000,20299655200,20707092500,20798828500,10588527600
1630425600000,8/31/21 16:00,28953966600,14094375900,21324376100,20471539700,11303198700,10815785000,20486654000,18347051000,20389582800,20831066100,21499551700,10654605300
1630432800000,8/31/21 18:00,28991184900,14113255400,21433645100,20468856800,11329081300,10834020400,20464566300,17892089900,20404598800,20886743000,21388763100,10681935900
1630440000000,8/31/21 20:00,28799680500,14111803400,21269102600,20373162000,11358813200,10859068400,20332304400,13934215200,20262582300,20689803300,21321816100,10709371900
1630447200000,8/31/21 22:00,28691488800,14125768700,21195638800,20282525700,11365887000,10893262800,20181545000,13938726900,20137674800,20602839000,21331800100,10735763500
1630454400000,9/1/21 0:00,28661411800,14125432800,21194004500,20287453200,11385947100,10928605200,20179841000,13938219000,20142393300,20599861200,21345218600,10782978000
