timestamp,timestamp_date_format,C1,C2
1640995200000,1/1/2022 0:00,2175638020,2159569920
1640997600000,1/1/2022 0:40,2245060350,2191432190
1641000000000,1/1/2022 1:20,2260152320,2207066110
1641002400000,1/1/2022 2:00,2259468030,2236638980
1641004800000,1/1/2022 2:40,2261430530,2236440580
1641007200000,1/1/2022 3:20,2314061820,2237844990
1641009600000,1/1/2022 4:00,2371920380,2237600510
1641012000000,1/1/2022 4:40,2431697920,2237762300
1641014400000,1/1/2022 5:20,2430867970,2237832450
1641016800000,1/1/2022 6:00,2421662980,2229085950
1641019200000,1/1/2022 6:40,2430817020,2280411390
1641021600000,1/1/2022 7:20,2429697540,2339848960
1641024000000,1/1/2022 8:00,2497332990,2406145280
1641026400000,1/1/2022 8:40,2494700540,2407803650
1641028800000,1/1/2022 9:20,2493141760,2422886660
1641031200000,1/1/2022 10:00,2495297790,2423112960
1641033600000,1/1/2022 10:40,2581602820,2522593790
1641036000000,1/1/2022 11:20,2613432060,2591943420
1641038400000,1/1/2022 12:00,2652132350,2655385090
1641040800000,1/1/2022 12:40,2652033790,2656154620
1641043200000,1/1/2022 13:20,2650582270,2655224320
1641045600000,1/1/2022 14:00,2639898880,2655095040
1641048000000,1/1/2022 14:40,2641486340,2653444860
1641050400000,1/1/2022 15:20,2635796480,2653941760
1641052800000,1/1/2022 16:00,2634686210,2653964030
1641055200000,1/1/2022 16:40,2636109570,2717382140
1641057600000,1/1/2022 17:20,2623593470,2801386240
1641060000000,1/1/2022 18:00,2623204610,2791773180
1641062400000,1/1/2022 18:40,2603925760,2791158780
1641064800000,1/1/2022 19:20,2587456770,2793009410
1641067200000,1/1/2022 20:00,2574377220,2794378240
1641069600000,1/1/2022 20:40,2651196930,2794267390
1641072000000,1/1/2022 21:20,2677944830,2794298110
1641074400000,1/1/2022 22:00,1823228420,1907117060
1641076800000,1/1/2022 22:40,1790611070,1944089980
1641079200000,1/1/2022 23:20,1834085250,1988733950
1641081600000,1/2/2022 0:00,1880912380,2145713540
1641084000000,1/2/2022 0:40,1952873980,2164830460
1641086400000,1/2/2022 1:20,1994990340,2163652610
1641088800000,1/2/2022 2:00,2031606020,2179020540
1641091200000,1/2/2022 2:40,2033424770,2248955650
1641093600000,1/2/2022 3:20,2032159620,2415438080
1641096000000,1/2/2022 4:00,2032430590,2467899650
1641098400000,1/2/2022 4:40,2053712000,2469293570
1641100800000,1/2/2022 5:20,2115586690,2468754180
1641103200000,1/2/2022 6:00,2283004930,2474369790
1641105600000,1/2/2022 6:40,2373545730,2518758400
1641108000000,1/2/2022 7:20,2375089660,2605470980
1641110400000,1/2/2022 8:00,2390996990,2606520060
1641112800000,1/2/2022 8:40,2390685700,2602285570
1641115200000,1/2/2022 9:20,2468628220,2596441860
1641117600000,1/2/2022 10:00,2467623170,2604842750
1641120000000,1/2/2022 10:40,2469605380,2606525700
1641122400000,1/2/2022 11:20,2475031810,2609762820
1641124800000,1/2/2022 12:00,2486546940,2611996160
1641127200000,1/2/2022 12:40,2488580860,2727297790
1641129600000,1/2/2022 13:20,2492312830,2737099520
1641132000000,1/2/2022 14:00,2491608830,2739628030
1641134400000,1/2/2022 14:40,2596368380,2737722110
1641136800000,1/2/2022 15:20,2612457470,2739167230
1641139200000,1/2/2022 16:00,2609871100,2739740670
1641141600000,1/2/2022 16:40,2610456060,2782604540
1641144000000,1/2/2022 17:20,2616366850,2785876220
1641146400000,1/2/2022 18:00,2613268480,2786870270
1641148800000,1/2/2022 18:40,2676891140,2787565060
1641151200000,1/2/2022 19:20,2690532860,2789889790
1641153600000,1/2/2022 20:00,2696425220,2891841280
1641156000000,1/2/2022 20:40,2703614460,2890073340
1641158400000,1/2/2022 21:20,2702536960,2891323390
1641160800000,1/2/2022 22:00,1808717180,1870448640
1641163200000,1/2/2022 22:40,1966440060,1954075520
1641165600000,1/2/2022 23:20,2079650050,2053172220
1641168000000,1/3/2022 0:00,2242853890,2163822080
1641170400000,1/3/2022 0:40,2256512510,2259207940
1641172800000,1/3/2022 1:20,2408011780,2248121860
1641175200000,1/3/2022 2:00,2413474300,2248171520
1641177600000,1/3/2022 2:40,2415296510,2399352320
1641180000000,1/3/2022 3:20,2421577470,2418043900
1641182400000,1/3/2022 4:00,2494593790,2416559620
1641184800000,1/3/2022 4:40,2501341180,2418110720
1641187200000,1/3/2022 5:20,2503263740,2469527300
1641189600000,1/3/2022 6:00,2553182210,2557888000
1641192000000,1/3/2022 6:40,2555578110,2560339460
1641194400000,1/3/2022 7:20,2569570300,2558663680
1641196800000,1/3/2022 8:00,2598408700,2578357760
1641199200000,1/3/2022 8:40,2725615620,2709394690
1641201600000,1/3/2022 9:20,2756702980,2741617410
1641204000000,1/3/2022 10:00,2841222660,2889116420
1641206400000,1/3/2022 10:40,2846664190,2937588740
1641208800000,1/3/2022 11:20,2859778300,2995828990
1641211200000,1/3/2022 12:00,2954866690,3127562500
1641213600000,1/3/2022 12:40,2955919620,3134431490
1641216000000,1/3/2022 13:20,2970871550,3135107070
1641218400000,1/3/2022 14:00,3009098500,3192303620
1641220800000,1/3/2022 14:40,3028769020,3193304320
1641223200000,1/3/2022 15:20,3060813820,3195179010
1641225600000,1/3/2022 16:00,3049869570,3192846850
1641228000000,1/3/2022 16:40,3048786180,3264791550
1641230400000,1/3/2022 17:20,3052861440,3281563900
1641232800000,1/3/2022 18:00,3105909500,3284562940
1641235200000,1/3/2022 18:40,3109794050,3283391230
1641237600000,1/3/2022 19:20,3108975360,3283395070
1641240000000,1/3/2022 20:00,3106963460,3283228930
1641242400000,1/3/2022 20:40,3121678590,3287870720
1641244800000,1/3/2022 21:20,3129964800,3312076290
1641247200000,1/3/2022 22:00,1928317570,1939473790
1641249600000,1/3/2022 22:40,1892655100,1990480130
1641252000000,1/3/2022 23:20,2134062460,2120679940
1641254400000,1/4/2022 0:00,2233803780,2217190400
1641256800000,1/4/2022 0:40,2398712830,2218687490
1641259200000,1/4/2022 1:20,2416320260,2247226880
1641261600000,1/4/2022 2:00,2417601540,2371673090
1641264000000,1/4/2022 2:40,2483287550,2371912190
1641266400000,1/4/2022 3:20,2500068100,2373588480
1641268800000,1/4/2022 4:00,2500042750,2454478340
1641271200000,1/4/2022 4:40,2511539460,2454469630
1641273600000,1/4/2022 5:20,2592577020,2456018430
1641276000000,1/4/2022 6:00,2589761790,2496073470
1641278400000,1/4/2022 6:40,2605275650,2497009660
1641280800000,1/4/2022 7:20,2624265220,2510039810
1641283200000,1/4/2022 8:00,2709975300,2590415100
1641285600000,1/4/2022 8:40,2767616770,2600086780
1641288000000,1/4/2022 9:20,2775685630,2617678080
1641290400000,1/4/2022 10:00,2774931710,2704563970
1641292800000,1/4/2022 10:40,2820513020,2710409470
1641295200000,1/4/2022 11:20,2912196860,2768370940
1641297600000,1/4/2022 12:00,2914608640,2800291070
1641300000000,1/4/2022 12:40,2958939900,2801801730
1641302400000,1/4/2022 13:20,2961689860,2804039680
1641304800000,1/4/2022 14:00,2961421570,2913805820
1641307200000,1/4/2022 14:40,2967916290,2911991550
1641309600000,1/4/2022 15:20,2975412220,2980929540
1641312000000,1/4/2022 16:00,2967907070,3019496960
1641314400000,1/4/2022 16:40,2964671740,3056086270
1641316800000,1/4/2022 17:20,2968993280,3060524290
1641319200000,1/4/2022 18:00,2982952190,3060446720
1641321600000,1/4/2022 18:40,3009853180,3071916030
1641324000000,1/4/2022 19:20,3013850620,3074868990
1641326400000,1/4/2022 20:00,3011006460,3072987140
1641328800000,1/4/2022 20:40,3014016000,3101588220
1641331200000,1/4/2022 21:20,3065769730,3106027520
1641333600000,1/4/2022 22:00,2724274940,2725436160
1641336000000,1/4/2022 22:40,2050149760,2076620800
1641338400000,1/4/2022 23:20,2187238910,2092990980
1641340800000,1/5/2022 0:00,2200283390,2193318660
1641343200000,1/5/2022 0:40,2257120510,2371922180
1641345600000,1/5/2022 1:20,2393243140,2361727740
1641348000000,1/5/2022 2:00,2498751490,2363811580
1641350400000,1/5/2022 2:40,2489676290,2386617600
1641352800000,1/5/2022 3:20,2489580030,2427303420
1641355200000,1/5/2022 4:00,2528933380,2427658750
1641357600000,1/5/2022 4:40,2571814140,2429089020
1641360000000,1/5/2022 5:20,2570838020,2491712260
1641362400000,1/5/2022 6:00,2566053630,2489625340
1641364800000,1/5/2022 6:40,2570515710,2490481150
1641367200000,1/5/2022 7:20,2611267330,2490009860
1641369600000,1/5/2022 8:00,2627564540,2531828740
1641372000000,1/5/2022 8:40,2647946750,2555792900
1641374400000,1/5/2022 9:20,2703394820,2621963010
1641376800000,1/5/2022 10:00,2748714750,2645591550
1641379200000,1/5/2022 10:40,2750288380,2646173950
1641381600000,1/5/2022 11:20,2757939970,2727297280
1641384000000,1/5/2022 12:00,2754431230,2809865470
1641386400000,1/5/2022 12:40,2818839550,2805721340
1641388800000,1/5/2022 13:20,2816794880,2804542980
1641391200000,1/5/2022 14:00,2815525380,2829745410
1641393600000,1/5/2022 14:40,2817529860,2843739140
1641396000000,1/5/2022 15:20,2875076610,2850512900
1641398400000,1/5/2022 16:00,2873232900,2836845310
1641400800000,1/5/2022 16:40,2873155330,2881625600
1641403200000,1/5/2022 17:20,2874457340,2895126780
1641405600000,1/5/2022 18:00,2874754820,2897506300
1641408000000,1/5/2022 18:40,2944593920,2894195200
1641410400000,1/5/2022 19:20,2980255490,2895454980
1641412800000,1/5/2022 20:00,2980451330,2960244480
1641415200000,1/5/2022 20:40,2983621630,2958126590
1641417600000,1/5/2022 21:20,2984621820,2958768640
1641420000000,1/5/2022 22:00,2673494780,2635915520
1641422400000,1/5/2022 22:40,1951527550,1987311620
1641424800000,1/5/2022 23:20,2128362370,2071898240
1641427200000,1/6/2022 0:00,2010493820,1783463040
1641429600000,1/6/2022 0:40,2088342020,2057177600
1641432000000,1/6/2022 1:20,2094974460,2065897340
1641434400000,1/6/2022 2:00,2107290620,2118564610
1641436800000,1/6/2022 2:40,2164035070,2171939840
1641439200000,1/6/2022 3:20,2166407680,2197433090
1641441600000,1/6/2022 4:00,2192145410,2205245440
1641444000000,1/6/2022 4:40,2185130750,2195912960
1641446400000,1/6/2022 5:20,2192791040,2197778690
1641448800000,1/6/2022 6:00,2185917440,2201257730
1641451200000,1/6/2022 6:40,2193508350,2197516030
1641453600000,1/6/2022 7:20,2370193410,2364631040
1641456000000,1/6/2022 8:00,2405870590,2577860350
1641458400000,1/6/2022 8:40,2402675200,2573601020
1641460800000,1/6/2022 9:20,2476791550,2576549890
1641463200000,1/6/2022 10:00,2576717310,2613054460
1641465600000,1/6/2022 10:40,2700784900,2723563010
1641468000000,1/6/2022 11:20,2745184000,2816587260
1641470400000,1/6/2022 12:00,2763403520,2850433020
1641472800000,1/6/2022 12:40,2762111230,2862216700
1641475200000,1/6/2022 13:20,2760356610,2860416000
1641477600000,1/6/2022 14:00,2765869060,2862271740
1641480000000,1/6/2022 14:40,2803543040,2953685500
1641482400000,1/6/2022 15:20,2928594940,3061645310
1641484800000,1/6/2022 16:00,2929381630,3101515260
1641487200000,1/6/2022 16:40,2930817540,3094679040
1641489600000,1/6/2022 17:20,2928631300,3094331390
1641492000000,1/6/2022 18:00,2930292990,3096536060
1641494400000,1/6/2022 18:40,2927554820,3095782400
1641496800000,1/6/2022 19:20,2925399300,3103275780
1641499200000,1/6/2022 20:00,3033884420,3103430400
1641501600000,1/6/2022 20:40,3031014140,3116215300
1641504000000,1/6/2022 21:20,3031311870,3161281280
1641506400000,1/6/2022 22:00,2694262530,2819059460
1641508800000,1/6/2022 22:40,1929564540,1941829120
1641511200000,1/6/2022 23:20,2037968000,2098460160
1641513600000,1/7/2022 0:00,2175113730,2203819010
1641516000000,1/7/2022 0:40,2245454590,2238139650
1641518400000,1/7/2022 1:20,2249092610,2237129730
1641520800000,1/7/2022 2:00,2250448640,2273510400
1641523200000,1/7/2022 2:40,2380300800,2351470590
1641525600000,1/7/2022 3:20,2377711360,2341526780
1641528000000,1/7/2022 4:00,2378362620,2358209540
1641530400000,1/7/2022 4:40,2379514620,2388211710
1641532800000,1/7/2022 5:20,2457745150,2389844740
1641535200000,1/7/2022 6:00,2450627070,2385402110
1641537600000,1/7/2022 6:40,2454774530,2432914430
1641540000000,1/7/2022 7:20,2531436290,2470520060
1641542400000,1/7/2022 8:00,2565479680,2476169220
1641544800000,1/7/2022 8:40,2650486020,2523475200
1641547200000,1/7/2022 9:20,2722924290,2524486400
1641549600000,1/7/2022 10:00,2727393020,2556459780
1641552000000,1/7/2022 10:40,2777722620,2716867580
1641554400000,1/7/2022 11:20,2845801730,2768311550
1641556800000,1/7/2022 12:00,2846289660,2769747710
1641559200000,1/7/2022 12:40,2845017340,2769192700
1641561600000,1/7/2022 13:20,2858937600,2767837440
1641564000000,1/7/2022 14:00,2859503870,2822458370
1641566400000,1/7/2022 14:40,2858074880,2827089660
1641568800000,1/7/2022 15:20,2865811460,2824110080
1641571200000,1/7/2022 16:00,2889662980,2836697090
1641573600000,1/7/2022 16:40,2930947840,2946692350
1641576000000,1/7/2022 17:20,2933914880,2946601470
1641578400000,1/7/2022 18:00,2932368130,2946134780
1641580800000,1/7/2022 18:40,2925373700,2948652290
1641583200000,1/7/2022 19:20,2937645060,2948902140
1641585600000,1/7/2022 20:00,2962761470,2951894780
1641588000000,1/7/2022 20:40,2968830980,2952792580
1641590400000,1/7/2022 21:20,2965899010,2952734980
1641592800000,1/7/2022 22:00,2661373700,2637593090
1641595200000,1/7/2022 22:40,2001385090,1991521150
1641597600000,1/7/2022 23:20,2069704060,2027440260
1641600000000,1/8/2022 0:00,2212150780,2194920190
1641602400000,1/8/2022 0:40,2212503300,2206207740
1641604800000,1/8/2022 1:20,2212245760,2199676670
1641607200000,1/8/2022 2:00,2212530180,2205443330
1641609600000,1/8/2022 2:40,2258630140,2242086400
1641612000000,1/8/2022 3:20,2309539840,2242268930
1641614400000,1/8/2022 4:00,2310249730,2244832510
1641616800000,1/8/2022 4:40,2309724160,2250278660
1641619200000,1/8/2022 5:20,2311047940,2304032260
1641621600000,1/8/2022 6:00,2298362880,2365085440
1641624000000,1/8/2022 6:40,2339237890,2418445310
1641626400000,1/8/2022 7:20,2366409730,2418476800
1641628800000,1/8/2022 8:00,2423797500,2418759680
1641631200000,1/8/2022 8:40,2429698560,2418718980
1641633600000,1/8/2022 9:20,2429406460,2418476030
1641636000000,1/8/2022 10:00,2427965180,2436621820
1641638400000,1/8/2022 10:40,2427462400,2436593410
1641640800000,1/8/2022 11:20,2455089660,2490828290
1641643200000,1/8/2022 12:00,2541440000,2668760060
1641645600000,1/8/2022 12:40,2560212220,2670812420
1641648000000,1/8/2022 13:20,2559921920,2670295040
1641650400000,1/8/2022 14:00,2559809280,2678627840
1641652800000,1/8/2022 14:40,2558287360,2692153860
1641655200000,1/8/2022 15:20,2558152700,2693361660
1641657600000,1/8/2022 16:00,2558379010,2704524800
1641660000000,1/8/2022 16:40,2589362430,2804137980
1641662400000,1/8/2022 17:20,2640912130,2803776260
1641664800000,1/8/2022 18:00,2641352190,2802904830
1641667200000,1/8/2022 18:40,2640369150,2803951870
1641669600000,1/8/2022 19:20,2646574850,2804235010
1641672000000,1/8/2022 20:00,2646791940,2810180860
1641674400000,1/8/2022 20:40,2647805700,2809911300
1641676800000,1/8/2022 21:20,2647988220,2808578560
1641679200000,1/8/2022 22:00,2415965700,2509403140
1641681600000,1/8/2022 22:40,1983936900,1851464580
1641684000000,1/8/2022 23:20,2007121540,1998584320
1641686400000,1/9/2022 0:00,2091941890,2021617540
1641688800000,1/9/2022 0:40,2257768700,2105384320
1641691200000,1/9/2022 1:20,2257506300,2168090370
1641693600000,1/9/2022 2:00,2257862400,2168428800
1641696000000,1/9/2022 2:40,2257314560,2167553540
1641698400000,1/9/2022 3:20,2258464260,2168131330
1641700800000,1/9/2022 4:00,2305508100,2168754690
1641703200000,1/9/2022 4:40,2352770820,2214590210
1641705600000,1/9/2022 5:20,2353934850,2374713600
1641708000000,1/9/2022 6:00,2378401020,2455612670
1641710400000,1/9/2022 6:40,2385523200,2461562880
1641712800000,1/9/2022 7:20,2403489790,2467659780
1641715200000,1/9/2022 8:00,2452624380,2482654460
1641717600000,1/9/2022 8:40,2452959490,2626131710
1641720000000,1/9/2022 9:20,2451552770,2620678140
1641722400000,1/9/2022 10:00,2496689410,2620079360
1641724800000,1/9/2022 10:40,2493378050,2633392380
1641727200000,1/9/2022 11:20,2492611070,2632513020
1641729600000,1/9/2022 12:00,2536542210,2638137860
1641732000000,1/9/2022 12:40,2539895300,2649813500
1641734400000,1/9/2022 13:20,2545031940,2649939460
1641736800000,1/9/2022 14:00,2543650050,2652908030
1641739200000,1/9/2022 14:40,2544689660,2649658370
1641741600000,1/9/2022 15:20,2545102850,2658803710
1641744000000,1/9/2022 16:00,2589624060,2726725890
1641746400000,1/9/2022 16:40,2590887680,2727895300
1641748800000,1/9/2022 17:20,2589397250,2726699780
1641751200000,1/9/2022 18:00,2595670270,2726789630
1641753600000,1/9/2022 18:40,2607657470,2742947840
1641756000000,1/9/2022 19:20,2609512190,2817930500
1641758400000,1/9/2022 20:00,2608700160,2822763780
1641760800000,1/9/2022 20:40,2625156350,2826253310
1641763200000,1/9/2022 21:20,2596031230,2827278850
1641765600000,1/9/2022 22:00,2400132860,2490883580
1641768000000,1/9/2022 22:40,1938129410,1965637630
1641770400000,1/9/2022 23:20,2068849280,2155864060
1641772800000,1/10/2022 0:00,2187873540,2272525820
1641775200000,1/10/2022 0:40,2222735620,2263699460
1641777600000,1/10/2022 1:20,2239981310,2327437060
1641780000000,1/10/2022 2:00,2339511550,2443584260
1641782400000,1/10/2022 2:40,2340098820,2443136260
1641784800000,1/10/2022 3:20,2340707070,2445510140
1641787200000,1/10/2022 4:00,2392197630,2478381570
1641789600000,1/10/2022 4:40,2394780420,2538088700
1641792000000,1/10/2022 5:20,2389681150,2537798400
1641794400000,1/10/2022 6:00,2405856510,2533397500
1641796800000,1/10/2022 6:40,2466302720,2540752130
1641799200000,1/10/2022 7:20,2483382020,2601987580
1641801600000,1/10/2022 8:00,2539094530,2615203580
1641804000000,1/10/2022 8:40,2539518210,2648004350
1641806400000,1/10/2022 9:20,2671782400,2745839360
1641808800000,1/10/2022 10:00,2758130940,2756220930
1641811200000,1/10/2022 10:40,2768388100,2754591740
1641813600000,1/10/2022 11:20,2851503100,2775896830
1641816000000,1/10/2022 12:00,2849293060,2866352900
1641818400000,1/10/2022 12:40,2847523330,2862488580
1641820800000,1/10/2022 13:20,2849136130,2863411200
1641823200000,1/10/2022 14:00,2890697220,2872356100
1641825600000,1/10/2022 14:40,2941683200,2949248510
1641828000000,1/10/2022 15:20,2951897090,2967904260
1641830400000,1/10/2022 16:00,2953353220,2967707900
1641832800000,1/10/2022 16:40,2948361730,2963014400
1641835200000,1/10/2022 17:20,2947005950,2962494720
1641837600000,1/10/2022 18:00,2947125760,2972737540
1641840000000,1/10/2022 18:40,2946110460,3035551230
1641842400000,1/10/2022 19:20,2945619200,3037381630
1641844800000,1/10/2022 20:00,2966177790,3042006780
1641847200000,1/10/2022 20:40,2991785730,3040941570
1641849600000,1/10/2022 21:20,3009154050,3052541180
1641852000000,1/10/2022 22:00,2661362180,2655683330
1641854400000,1/10/2022 22:40,1910942980,1972971390
1641856800000,1/10/2022 23:20,2064059650,2033696770
1641859200000,1/11/2022 0:00,2156840700,2131373310
1641861600000,1/11/2022 0:40,2260871420,2251345920
1641864000000,1/11/2022 1:20,2266787840,2256329220
1641866400000,1/11/2022 2:00,2323372030,2288667390
1641868800000,1/11/2022 2:40,2400254460,2442094340
1641871200000,1/11/2022 3:20,2393524740,2492927740
1641873600000,1/11/2022 4:00,2392904960,2497846780
1641876000000,1/11/2022 4:40,2403556350,2499082750
1641878400000,1/11/2022 5:20,2461599740,2499164670
1641880800000,1/11/2022 6:00,2456003840,2542056960
1641883200000,1/11/2022 6:40,2457882370,2541112060
1641885600000,1/11/2022 7:20,2460576510,2541906430
1641888000000,1/11/2022 8:00,2602012420,2556823040
1641890400000,1/11/2022 8:40,2612134660,2656573950
1641892800000,1/11/2022 9:20,2639579140,2706652930
1641895200000,1/11/2022 10:00,2828386300,2743824380
1641897600000,1/11/2022 10:40,2825649920,2743897090
1641900000000,1/11/2022 11:20,2826169340,2857531900
1641902400000,1/11/2022 12:00,2826629380,2890238210
1641904800000,1/11/2022 12:40,2906460420,2888230910
1641907200000,1/11/2022 13:20,2909136900,2895571970
1641909600000,1/11/2022 14:00,2907911940,2901480700
1641912000000,1/11/2022 14:40,2906829310,3016625150
1641914400000,1/11/2022 15:20,2913950980,3111045890
1641916800000,1/11/2022 16:00,2994605820,3111810560
1641919200000,1/11/2022 16:40,2996310020,3114283780
1641921600000,1/11/2022 17:20,2996419070,3112915970
1641924000000,1/11/2022 18:00,3047559420,3117698300
1641926400000,1/11/2022 18:40,3088029180,3113709820
1641928800000,1/11/2022 19:20,3082601220,3166423040
1641931200000,1/11/2022 20:00,3083092220,3161082110
1641933600000,1/11/2022 20:40,3083773950,3161021700
1641936000000,1/11/2022 21:20,3097710850,3159802620
1641938400000,1/11/2022 22:00,3063625470,3098478340
1641940800000,1/11/2022 22:40,1975647230,1925246340
1641943200000,1/11/2022 23:20,2054031490,2057712640
1641945600000,1/12/2022 0:00,2140960380,2148197120
1641948000000,1/12/2022 0:40,2253998850,2252940540
1641950400000,1/12/2022 1:20,2252376580,2253333500
1641952800000,1/12/2022 2:00,2292292100,2314838780
1641955200000,1/12/2022 2:40,2292850690,2467968000
1641957600000,1/12/2022 3:20,2293482500,2468294400
1641960000000,1/12/2022 4:00,2327393020,2471744770
1641962400000,1/12/2022 4:40,2327537660,2470747390
1641964800000,1/12/2022 5:20,2345526780,2476023300
1641967200000,1/12/2022 6:00,2425282050,2509864700
1641969600000,1/12/2022 6:40,2430080770,2509774080
1641972000000,1/12/2022 7:20,2432642300,2532994300
1641974400000,1/12/2022 8:00,2513825020,2577444100
1641976800000,1/12/2022 8:40,2510327040,2638341380
1641979200000,1/12/2022 9:20,2509368060,2647208700
1641981600000,1/12/2022 10:00,2522833920,2645210370
1641984000000,1/12/2022 10:40,2531930370,2754610430
1641986400000,1/12/2022 11:20,2614897660,2757855490
1641988800000,1/12/2022 12:00,2705498880,2756099330
1641991200000,1/12/2022 12:40,2705464580,2766161920
1641993600000,1/12/2022 13:20,2708149500,2893741820
1641996000000,1/12/2022 14:00,2735234300,2893912830
1641998400000,1/12/2022 14:40,2733390340,2892247300
1642000800000,1/12/2022 15:20,2803630080,2970628100
1642003200000,1/12/2022 16:00,2804870140,3020399620
1642005600000,1/12/2022 16:40,2809479420,3016831740
1642008000000,1/12/2022 17:20,2805992700,3026322430
1642010400000,1/12/2022 18:00,2826241280,3019086080
1642012800000,1/12/2022 18:40,2865422080,3014509310
1642015200000,1/12/2022 19:20,2862827260,3016226300
1642017600000,1/12/2022 20:00,2863096580,3017146110
1642020000000,1/12/2022 20:40,2864551680,3022263550
1642022400000,1/12/2022 21:20,2943259650,3078014460
1642024800000,1/12/2022 22:00,1864756860,1928268930
1642027200000,1/12/2022 22:40,1978359680,2123095550
1642029600000,1/12/2022 23:20,2033111940,2212243710
1642032000000,1/13/2022 0:00,2160290820,2295353600
1642034400000,1/13/2022 0:40,2271832320,2396743940
1642036800000,1/13/2022 1:20,2268252930,2397190910
1642039200000,1/13/2022 2:00,2267486980,2398024450
1642041600000,1/13/2022 2:40,2342193410,2514052350
1642044000000,1/13/2022 3:20,2343229180,2532097540
1642046400000,1/13/2022 4:00,2343521540,2533119490
1642048800000,1/13/2022 4:40,2355935490,2532557060
1642051200000,1/13/2022 5:20,2352498180,2535224060
1642053600000,1/13/2022 6:00,2348058880,2579852030
1642056000000,1/13/2022 6:40,2352034050,2588111870
1642058400000,1/13/2022 7:20,2352582400,2613163260
1642060800000,1/13/2022 8:00,2353200900,2626987010
1642063200000,1/13/2022 8:40,2372462080,2656267520
1642065600000,1/13/2022 9:20,2421915650,2661049600
1642068000000,1/13/2022 10:00,2420634110,2665388290
1642070400000,1/13/2022 10:40,2524723200,2797937410
1642072800000,1/13/2022 11:20,2541764100,2812314110
1642075200000,1/13/2022 12:00,2539857410,2804918020
1642077600000,1/13/2022 12:40,2562252800,2803648260
1642080000000,1/13/2022 13:20,2565089790,2804139780
1642082400000,1/13/2022 14:00,2581212160,2874459900
1642084800000,1/13/2022 14:40,2603332100,2870248190
1642087200000,1/13/2022 15:20,2659966980,2843828220
1642089600000,1/13/2022 16:00,2656109570,2878219010
1642092000000,1/13/2022 16:40,2670835200,2931440130
1642094400000,1/13/2022 17:20,2663875330,2930178820
1642096800000,1/13/2022 18:00,2665964800,2934492930
1642099200000,1/13/2022 18:40,2655808770,2932795900
1642101600000,1/13/2022 19:20,2665026300,2930985470
1642104000000,1/13/2022 20:00,2662396420,2957402370
1642106400000,1/13/2022 20:40,2726800380,2952908540
1642108800000,1/13/2022 21:20,2727016960,2950922500
1642111200000,1/13/2022 22:00,2690859260,2905348610
1642113600000,1/13/2022 22:40,1950822140,1954910210
1642116000000,1/13/2022 23:20,2075794300,2011681920
1642118400000,1/14/2022 0:00,2181676290,2161114880
1642120800000,1/14/2022 0:40,2252512000,2261286910
1642123200000,1/14/2022 1:20,2253505280,2260699390
1642125600000,1/14/2022 2:00,2255750660,2305295870
1642128000000,1/14/2022 2:40,2356083710,2415228930
1642130400000,1/14/2022 3:20,2356312320,2409075200
1642132800000,1/14/2022 4:00,2358592260,2414279420
1642135200000,1/14/2022 4:40,2436009980,2423124740
1642137600000,1/14/2022 5:20,2445424900,2500642820
1642140000000,1/14/2022 6:00,2433335040,2493574910
1642142400000,1/14/2022 6:40,2434078980,2494475010
1642144800000,1/14/2022 7:20,2458044160,2503030530
1642147200000,1/14/2022 8:00,2524861440,2575203330
1642149600000,1/14/2022 8:40,2535005700,2583259650
1642152000000,1/14/2022 9:20,2563016450,2607855360
1642154400000,1/14/2022 10:00,2627186940,2695174660
1642156800000,1/14/2022 10:40,2632669700,2756770050
1642159200000,1/14/2022 11:20,2667280900,2748628220
1642161600000,1/14/2022 12:00,2677508860,2748632060
1642164000000,1/14/2022 12:40,2802693630,2757840640
1642166400000,1/14/2022 13:20,2808739070,2783907840
1642168800000,1/14/2022 14:00,2809475070,2923781120
1642171200000,1/14/2022 14:40,2817334780,2952756990
1642173600000,1/14/2022 15:20,2892693500,2960187390
1642176000000,1/14/2022 16:00,2893113340,2953364480
1642178400000,1/14/2022 16:40,2905050620,2955817980
1642180800000,1/14/2022 17:20,2905453060,3005365760
1642183200000,1/14/2022 18:00,2912199420,3005494270
1642185600000,1/14/2022 18:40,2949515260,3004954880
1642188000000,1/14/2022 19:20,2952723460,3004760060
1642190400000,1/14/2022 20:00,2951694080,3006809860
1642192800000,1/14/2022 20:40,2951468290,3010430210
1642195200000,1/14/2022 21:20,2987138820,3076840700
1642197600000,1/14/2022 22:00,2972014340,3066452480
1642200000000,1/14/2022 22:40,1952503420,2025763330
1642202400000,1/14/2022 23:20,2075339390,2107530370
1642204800000,1/15/2022 0:00,2156663040,2173133060
1642207200000,1/15/2022 0:40,2238426880,2199174400
1642209600000,1/15/2022 1:20,2238742270,2254471940
1642212000000,1/15/2022 2:00,2238379780,2254592000
1642214400000,1/15/2022 2:40,2250332420,2253845250
1642216800000,1/15/2022 3:20,2257645570,2253840380
1642219200000,1/15/2022 4:00,2304715010,2254929150
1642221600000,1/15/2022 4:40,2330812930,2254684160
1642224000000,1/15/2022 5:20,2330178050,2302171390
1642226400000,1/15/2022 6:00,2318402820,2348574720
1642228800000,1/15/2022 6:40,2318471940,2472909060
1642231200000,1/15/2022 7:20,2318550270,2527522050
1642233600000,1/15/2022 8:00,2319170050,2527988480
1642236000000,1/15/2022 8:40,2388345860,2619188480
1642238400000,1/15/2022 9:20,2443589890,2618935810
1642240800000,1/15/2022 10:00,2481204480,2619554050
1642243200000,1/15/2022 10:40,2478916860,2618013950
1642245600000,1/15/2022 11:20,2479858690,2617972740
1642248000000,1/15/2022 12:00,2479933950,2618323200
1642250400000,1/15/2022 12:40,2479965950,2618637060
1642252800000,1/15/2022 13:20,2480142590,2619171840
1642255200000,1/15/2022 14:00,2480144130,2619365380
1642257600000,1/15/2022 14:40,2478135300,2618375680
1642260000000,1/15/2022 15:20,2576855040,2644324350
1642262400000,1/15/2022 16:00,2594355710,2648060930
1642264800000,1/15/2022 16:40,2664582660,2794186500
1642267200000,1/15/2022 17:20,2671106820,2793678080
1642269600000,1/15/2022 18:00,2670943230,2864139780
1642272000000,1/15/2022 18:40,2670244610,2862285820
1642274400000,1/15/2022 19:20,2670471940,2863401730
1642276800000,1/15/2022 20:00,2671942140,2863440640
1642279200000,1/15/2022 20:40,2673296380,2863667200
1642281600000,1/15/2022 21:20,2673238530,2863566590
1642284000000,1/15/2022 22:00,2673917440,2814547460
1642286400000,1/15/2022 22:40,1823909760,1745985790
1642288800000,1/15/2022 23:20,1829957120,1792615680
1642291200000,1/16/2022 0:00,1881281280,1827007740
1642293600000,1/16/2022 0:40,1994160770,1931846020
1642296000000,1/16/2022 1:20,2013719680,1966766720
1642298400000,1/16/2022 2:00,2066972290,2007921660
1642300800000,1/16/2022 2:40,2067127550,2071947650
1642303200000,1/16/2022 3:20,2066936450,2071964540
1642305600000,1/16/2022 4:00,2067397380,2071699970
1642308000000,1/16/2022 4:40,2086278530,2072006140
1642310400000,1/16/2022 5:20,2260478460,2176711420
1642312800000,1/16/2022 6:00,2278618110,2362379260
1642315200000,1/16/2022 6:40,2305776130,2596876800
1642317600000,1/16/2022 7:20,2377257470,2598680830
1642320000000,1/16/2022 8:00,2453025790,2599668480
1642322400000,1/16/2022 8:40,2455170300,2601665540
1642324800000,1/16/2022 9:20,2453920510,2602950660
1642327200000,1/16/2022 10:00,2454480900,2604232700
1642329600000,1/16/2022 10:40,2457578500,2710097150
1642332000000,1/16/2022 11:20,2460503300,2710519550
1642334400000,1/16/2022 12:00,2459009280,2713047550
1642336800000,1/16/2022 12:40,2459480060,2723204350
1642339200000,1/16/2022 13:20,2460925440,2710223360
1642341600000,1/16/2022 14:00,2459645440,2712378370
1642344000000,1/16/2022 14:40,2458168580,2839816960
1642346400000,1/16/2022 15:20,2518355970,2828611580
1642348800000,1/16/2022 16:00,2514285060,2829177860
1642351200000,1/16/2022 16:40,2516414980,2832076540
1642353600000,1/16/2022 17:20,2517370110,2831286530
1642356000000,1/16/2022 18:00,2527178240,2831506180
1642358400000,1/16/2022 18:40,2608220670,2833918460
1642360800000,1/16/2022 19:20,2607673340,2847536380
1642363200000,1/16/2022 20:00,2608915200,2919552000
1642365600000,1/16/2022 20:40,2607452160,2990210300
1642368000000,1/16/2022 21:20,2608499710,2986095870
1642370400000,1/16/2022 22:00,2574212610,2932519420
1642372800000,1/16/2022 22:40,1934089340,1898417540
1642375200000,1/16/2022 23:20,2135721860,2017368960
1642377600000,1/17/2022 0:00,2145052800,2107047940
1642380000000,1/17/2022 0:40,2223149310,2220081410
1642382400000,1/17/2022 1:20,2392314370,2218510590
1642384800000,1/17/2022 2:00,2393885950,2267239680
1642387200000,1/17/2022 2:40,2398089470,2353561340
1642389600000,1/17/2022 3:20,2463859200,2363755520
1642392000000,1/17/2022 4:00,2464701440,2358239490
1642394400000,1/17/2022 4:40,2466445820,2417781250
1642396800000,1/17/2022 5:20,2466768640,2424593410
1642399200000,1/17/2022 6:00,2500744450,2420655870
1642401600000,1/17/2022 6:40,2557765890,2422974210
1642404000000,1/17/2022 7:20,2560065540,2487342080
1642406400000,1/17/2022 8:00,2580902660,2528403970
1642408800000,1/17/2022 8:40,2611085310,2594928640
1642411200000,1/17/2022 9:20,2620784640,2649570050
1642413600000,1/17/2022 10:00,2758103300,2653782020
1642416000000,1/17/2022 10:40,2761874940,2766406400
1642418400000,1/17/2022 11:20,2760023550,2764599040
1642420800000,1/17/2022 12:00,2764717570,2764470270
1642423200000,1/17/2022 12:40,2799921150,2763815940
1642425600000,1/17/2022 13:20,2800115970,2780208130
1642428000000,1/17/2022 14:00,2810108420,2894952190
1642430400000,1/17/2022 14:40,2862982660,2901898500
1642432800000,1/17/2022 15:20,2863742980,2894336000
1642435200000,1/17/2022 16:00,2876696580,2903042300
1642437600000,1/17/2022 16:40,2906019840,2903468540
1642440000000,1/17/2022 17:20,2909500420,2904902910
1642442400000,1/17/2022 18:00,2908116990,2903287810
1642444800000,1/17/2022 18:40,2927619840,2909698820
1642447200000,1/17/2022 19:20,2977723650,2951506180
1642449600000,1/17/2022 20:00,2965737220,2958164480
1642452000000,1/17/2022 20:40,2978400000,2956571900
1642454400000,1/17/2022 21:20,2977260290,2957543940
1642456800000,1/17/2022 22:00,2626413570,2629905410
1642459200000,1/17/2022 22:40,1987956220,1961613700
1642461600000,1/17/2022 23:20,2110727550,2089833600
1642464000000,1/18/2022 0:00,2227560960,2156975100
1642466400000,1/18/2022 0:40,2264745220,2283394560
1642468800000,1/18/2022 1:20,2328407300,2272518660
1642471200000,1/18/2022 2:00,2409883900,2273208830
1642473600000,1/18/2022 2:40,2414636290,2351272450
1642476000000,1/18/2022 3:20,2419789570,2340422140
1642478400000,1/18/2022 4:00,2411450110,2339895810
1642480800000,1/18/2022 4:40,2456470270,2372668930
1642483200000,1/18/2022 5:20,2453646850,2375892480
1642485600000,1/18/2022 6:00,2451292930,2373741060
1642488000000,1/18/2022 6:40,2455420420,2391103230
1642490400000,1/18/2022 7:20,2569107200,2544261890
1642492800000,1/18/2022 8:00,2606053380,2551612670
1642495200000,1/18/2022 8:40,2659813120,2570943740
1642497600000,1/18/2022 9:20,2652644610,2622597120
1642500000000,1/18/2022 10:00,2665973760,2633686780
1642502400000,1/18/2022 10:40,2762107900,2647372540
1642504800000,1/18/2022 11:20,2815939330,2798263810
1642507200000,1/18/2022 12:00,2815037440,2795851520
1642509600000,1/18/2022 12:40,2815153410,2792126980
1642512000000,1/18/2022 13:20,2848741890,2799723260
1642514400000,1/18/2022 14:00,2854204930,2940425470
1642516800000,1/18/2022 14:40,2860299520,2945443580
1642519200000,1/18/2022 15:20,2907066370,2934906880
1642521600000,1/18/2022 16:00,2905957120,2935151100
1642524000000,1/18/2022 16:40,2903883010,3004418300
1642526400000,1/18/2022 17:20,2904164610,3006640130
1642528800000,1/18/2022 18:00,2908039680,3008183040
1642531200000,1/18/2022 18:40,2997214210,3005772800
1642533600000,1/18/2022 19:20,3006278140,3004286460
1642536000000,1/18/2022 20:00,3016983810,3051322880
1642538400000,1/18/2022 20:40,3012431620,3121075460
1642540800000,1/18/2022 21:20,3019326210,3120254460
1642543200000,1/18/2022 22:00,1965667070,1920366590
1642545600000,1/18/2022 22:40,2002737020,1979167230
1642548000000,1/18/2022 23:20,2152714240,2021674880
1642550400000,1/19/2022 0:00,1951200130,1871488260
1642552800000,1/19/2022 0:40,2004252290,2028754180
1642555200000,1/19/2022 1:20,2007270400,2079201280
1642557600000,1/19/2022 2:00,2029301250,2128480640
1642560000000,1/19/2022 2:40,2106379780,2186937340
1642562400000,1/19/2022 3:20,2127529090,2188856060
1642564800000,1/19/2022 4:00,2125828220,2258366980
1642567200000,1/19/2022 4:40,2130293500,2258388220
1642569600000,1/19/2022 5:20,2158478340,2262200060
1642572000000,1/19/2022 6:00,2185055490,2259117570
1642574400000,1/19/2022 6:40,2345299460,2256205310
1642576800000,1/19/2022 7:20,2414086400,2345865980
1642579200000,1/19/2022 8:00,2478221060,2353843460
1642581600000,1/19/2022 8:40,2502115330,2352428030
1642584000000,1/19/2022 9:20,2503672320,2396470780
1642586400000,1/19/2022 10:00,2544755710,2519746050
1642588800000,1/19/2022 10:40,2693190660,2535241980
1642591200000,1/19/2022 11:20,2703975940,2534932220
1642593600000,1/19/2022 12:00,2688117500,2536009470
1642596000000,1/19/2022 12:40,2705450750,2537169660
1642598400000,1/19/2022 13:20,2704541180,2571738880
1642600800000,1/19/2022 14:00,2779180290,2707711740
1642603200000,1/19/2022 14:40,2839850750,2722383360
1642605600000,1/19/2022 15:20,2895745540,2729868290
1642608000000,1/19/2022 16:00,2897080320,2741326340
1642610400000,1/19/2022 16:40,2901601540,2741693180
1642612800000,1/19/2022 17:20,2904412930,2761667580
1642615200000,1/19/2022 18:00,2913985020,2854632700
1642617600000,1/19/2022 18:40,2949191170,2856771840
1642620000000,1/19/2022 19:20,2951952900,2853660160
1642622400000,1/19/2022 20:00,2944290560,2850916350
1642624800000,1/19/2022 20:40,2944139010,2850987780
1642627200000,1/19/2022 21:20,2957468670,2862137600
1642629600000,1/19/2022 22:00,2656183040,2575289340
1642632000000,1/19/2022 22:40,2034655360,2022802820
1642634400000,1/19/2022 23:20,2137106050,2136404860
1642636800000,1/20/2022 0:00,2225072130,2267230460
1642639200000,1/20/2022 0:40,2256619260,2267855100
1642641600000,1/20/2022 1:20,2272191490,2344035070
1642644000000,1/20/2022 2:00,2355396350,2409132540
1642646400000,1/20/2022 2:40,2379312380,2409233660
1642648800000,1/20/2022 3:20,2379536130,2414096130
1642651200000,1/20/2022 4:00,2378661890,2415004160
1642653600000,1/20/2022 4:40,2435801340,2436632830
1642656000000,1/20/2022 5:20,2436230400,2435775740
1642658400000,1/20/2022 6:00,2436838140,2433740800
1642660800000,1/20/2022 6:40,2503470340,2441427460
1642663200000,1/20/2022 7:20,2495735040,2451691010
1642665600000,1/20/2022 8:00,2508914180,2466296320
1642668000000,1/20/2022 8:40,2609677310,2568311040
1642670400000,1/20/2022 9:20,2609918210,2586420740
1642672800000,1/20/2022 10:00,2622920700,2587141380
1642675200000,1/20/2022 10:40,2645078020,2683142910
1642677600000,1/20/2022 11:20,2736473600,2748629500
1642680000000,1/20/2022 12:00,2736887550,2751980290
1642682400000,1/20/2022 12:40,2744184580,2769606140
1642684800000,1/20/2022 13:20,2787170300,2767037180
1642687200000,1/20/2022 14:00,2840685570,2828708860
1642689600000,1/20/2022 14:40,2846598910,2826804480
1642692000000,1/20/2022 15:20,2847468030,2830582530
1642694400000,1/20/2022 16:00,2888360960,2827286270
1642696800000,1/20/2022 16:40,2909007360,2880157180
1642699200000,1/20/2022 17:20,2906327810,2916529150
1642701600000,1/20/2022 18:00,2908571900,2916285440
1642704000000,1/20/2022 18:40,2932691460,2911949820
1642706400000,1/20/2022 19:20,2975741950,2912602880
1642708800000,1/20/2022 20:00,2973736700,2975673600
1642711200000,1/20/2022 20:40,2980148740,2976687100
1642713600000,1/20/2022 21:20,2975270660,2971405060
1642716000000,1/20/2022 22:00,2642225920,2589434880
1642718400000,1/20/2022 22:40,1989404800,1979388800
1642720800000,1/20/2022 23:20,2090097540,2156214020
1642723200000,1/21/2022 0:00,2198241540,2262896380
1642725600000,1/21/2022 0:40,2273858050,2284459260
1642728000000,1/21/2022 1:20,2280662020,2409827070
1642730400000,1/21/2022 2:00,2340778750,2501559550
1642732800000,1/21/2022 2:40,2397002500,2501065980
1642735200000,1/21/2022 3:20,2395705090,2504567300
1642737600000,1/21/2022 4:00,2394242820,2509829630
1642740000000,1/21/2022 4:40,2461666820,2528792320
1642742400000,1/21/2022 5:20,2461101060,2530022140
1642744800000,1/21/2022 6:00,2456965380,2526993920
1642747200000,1/21/2022 6:40,2478485250,2563306500
1642749600000,1/21/2022 7:20,2526001410,2590802940
1642752000000,1/21/2022 8:00,2547873540,2596146940
1642754400000,1/21/2022 8:40,2650473220,2756738560
1642756800000,1/21/2022 9:20,2699662340,2763229700
1642759200000,1/21/2022 10:00,2797670400,2776652540
1642761600000,1/21/2022 10:40,2804388350,2835515900
1642764000000,1/21/2022 11:20,2802795520,2869893630
1642766400000,1/21/2022 12:00,2871340030,2866059520
1642768800000,1/21/2022 12:40,2919009540,2868945920
1642771200000,1/21/2022 13:20,2920685310,2894408700
1642773600000,1/21/2022 14:00,2925423360,2977070590
1642776000000,1/21/2022 14:40,2959122180,2977299460
1642778400000,1/21/2022 15:20,2949999870,2976690940
1642780800000,1/21/2022 16:00,2957686020,3034158340
1642783200000,1/21/2022 16:40,2962204160,3075963140
1642785600000,1/21/2022 17:20,2968544260,3077920000
1642788000000,1/21/2022 18:00,2968467200,3082225660
1642790400000,1/21/2022 18:40,2980623620,3080151040
1642792800000,1/21/2022 19:20,2970043390,3079671300
1642795200000,1/21/2022 20:00,2970002180,3080462590
1642797600000,1/21/2022 20:40,2994024450,3080843010
1642800000000,1/21/2022 21:20,2993648130,3079945220
1642802400000,1/21/2022 22:00,2649003780,2674532350
1642804800000,1/21/2022 22:40,1973511170,1963069820
1642807200000,1/21/2022 23:20,2115267840,2065951490
1642809600000,1/22/2022 0:00,2189395710,2178145020
1642812000000,1/22/2022 0:40,2267101440,2195324930
1642814400000,1/22/2022 1:20,2267441150,2262649860
1642816800000,1/22/2022 2:00,2272380930,2263209730
1642819200000,1/22/2022 2:40,2285279490,2263107580
1642821600000,1/22/2022 3:20,2283485180,2263725570
1642824000000,1/22/2022 4:00,2316478720,2296406020
1642826400000,1/22/2022 4:40,2349415940,2390006270
1642828800000,1/22/2022 5:20,2340267260,2440764160
1642831200000,1/22/2022 6:00,2328876030,2506441220
1642833600000,1/22/2022 6:40,2330122240,2552478720
1642836000000,1/22/2022 7:20,2340469500,2552577020
1642838400000,1/22/2022 8:00,2435687170,2552297470
1642840800000,1/22/2022 8:40,2440032510,2555782400
1642843200000,1/22/2022 9:20,2440216580,2557536770
1642845600000,1/22/2022 10:00,2440218370,2561924860
1642848000000,1/22/2022 10:40,2440242940,2613713150
1642850400000,1/22/2022 11:20,2458150400,2677337090
1642852800000,1/22/2022 12:00,2436494590,2761138180
1642855200000,1/22/2022 12:40,2439790850,2804793600
1642857600000,1/22/2022 13:20,2473142530,2805046270
1642860000000,1/22/2022 14:00,2482632960,2805132800
1642862400000,1/22/2022 14:40,2506124290,2804881660
1642864800000,1/22/2022 15:20,2506111230,2803060990
1642867200000,1/22/2022 16:00,2505832960,2802890240
1642869600000,1/22/2022 16:40,2504116990,2803027460
1642872000000,1/22/2022 17:20,2479307780,2803113730
1642874400000,1/22/2022 18:00,2488844030,2809458940
1642876800000,1/22/2022 18:40,2470787580,2885395970
1642879200000,1/22/2022 19:20,2468579840,2951652610
1642881600000,1/22/2022 20:00,2448075010,3027407620
1642884000000,1/22/2022 20:40,2443461890,3132999940
1642886400000,1/22/2022 21:20,2448592380,3133189120
1642888800000,1/22/2022 22:00,2243776770,2724379140
1642891200000,1/22/2022 22:40,1785608320,1782479230
1642893600000,1/22/2022 23:20,1824306430,1885991170
1642896000000,1/23/2022 0:00,1872077700,1904290050
1642898400000,1/23/2022 0:40,1967941120,1979378820
1642900800000,1/23/2022 1:20,2004924540,2029306880
1642903200000,1/23/2022 2:00,2066511620,2083384450
1642905600000,1/23/2022 2:40,2110005890,2083913090
1642908000000,1/23/2022 3:20,2109483900,2084403460
1642910400000,1/23/2022 4:00,2109754750,2085111810
1642912800000,1/23/2022 4:40,2141592960,2141842690
1642915200000,1/23/2022 5:20,2327833860,2335787010
1642917600000,1/23/2022 6:00,2442031620,2481196800
1642920000000,1/23/2022 6:40,2647600130,2608553220
1642922400000,1/23/2022 7:20,2655199230,2610904060
1642924800000,1/23/2022 8:00,2654205180,2616390400
1642927200000,1/23/2022 8:40,2648124930,2618547970
1642929600000,1/23/2022 9:20,2660121600,2619897340
1642932000000,1/23/2022 10:00,2694322430,2626448380
1642934400000,1/23/2022 10:40,2768576260,2710068220
1642936800000,1/23/2022 11:20,2768168960,2759870980
1642939200000,1/23/2022 12:00,2768991490,2758975230
1642941600000,1/23/2022 12:40,2769271810,2761476610
1642944000000,1/23/2022 13:20,2777648900,2760052990
1642946400000,1/23/2022 14:00,2776327680,2764638720
1642948800000,1/23/2022 14:40,2864784900,2763512580
1642951200000,1/23/2022 15:20,2966643710,2786565380
1642953600000,1/23/2022 16:00,2967331840,2885581820
1642956000000,1/23/2022 16:40,2966531070,2881979390
1642958400000,1/23/2022 17:20,2967877630,2892525310
1642960800000,1/23/2022 18:00,2968165380,2900929280
1642963200000,1/23/2022 18:40,2967399680,2901873920
1642965600000,1/23/2022 19:20,2967985660,2914175740
1642968000000,1/23/2022 20:00,2974592510,2906730750
1642970400000,1/23/2022 20:40,2989268220,3018977020
1642972800000,1/23/2022 21:20,2990252800,3051587840
1642975200000,1/23/2022 22:00,2639646980,2645927680
1642977600000,1/23/2022 22:40,1924459140,1941605250
1642980000000,1/23/2022 23:20,2107098500,2063108220
1642982400000,1/24/2022 0:00,2192716540,2131513220
1642984800000,1/24/2022 0:40,2245220860,2238437380
1642987200000,1/24/2022 1:20,2244871420,2244491260
1642989600000,1/24/2022 2:00,2305001980,2254721020
1642992000000,1/24/2022 2:40,2369831680,2367878140
1642994400000,1/24/2022 3:20,2367577340,2514648320
1642996800000,1/24/2022 4:00,2367158780,2496144130
1642999200000,1/24/2022 4:40,2396442880,2507620350
1643001600000,1/24/2022 5:20,2435204610,2512963840
1643004000000,1/24/2022 6:00,2403256320,2544984830
1643006400000,1/24/2022 6:40,2438414590,2555052800
1643008800000,1/24/2022 7:20,2488007420,2553156610
1643011200000,1/24/2022 8:00,2516492540,2620954370
1643013600000,1/24/2022 8:40,2744349950,2809554430
1643016000000,1/24/2022 9:20,2770188540,2829447680
1643018400000,1/24/2022 10:00,2771939070,2836351230
1643020800000,1/24/2022 10:40,2885765890,2870443780
1643023200000,1/24/2022 11:20,2884336130,3019802620
1643025600000,1/24/2022 12:00,2888178180,3020271360
1643028000000,1/24/2022 12:40,2926071300,3024785150
1643030400000,1/24/2022 13:20,3000027140,3024053760
1643032800000,1/24/2022 14:00,3003149060,3028620540
1643035200000,1/24/2022 14:40,3004826110,3065252610
1643037600000,1/24/2022 15:20,3024941060,3066421250
1643040000000,1/24/2022 16:00,3101492740,3060500480
1643042400000,1/24/2022 16:40,3107512580,3059763970
1643044800000,1/24/2022 17:20,3108509950,3061352190
1643047200000,1/24/2022 18:00,3100349700,3062650110
1643049600000,1/24/2022 18:40,3105193980,3211038460
1643052000000,1/24/2022 19:20,3104916990,3221561600
1643054400000,1/24/2022 20:00,3103287810,3222124540
1643056800000,1/24/2022 20:40,3103945470,3220576260
1643059200000,1/24/2022 21:20,3103794180,3220318210
1643061600000,1/24/2022 22:00,1964372350,1952068220
1643064000000,1/24/2022 22:40,1970448000,1952315520
1643066400000,1/24/2022 23:20,2036479870,1955641340
1643068800000,1/25/2022 0:00,2080758020,2105251710
1643071200000,1/25/2022 0:40,2193857020,2209967360
1643073600000,1/25/2022 1:20,2272422140,2221022720
1643076000000,1/25/2022 2:00,2278398460,2210727940
1643078400000,1/25/2022 2:40,2276887550,2359851780
1643080800000,1/25/2022 3:20,2372224000,2371598080
1643083200000,1/25/2022 4:00,2372317180,2372166910
1643085600000,1/25/2022 4:40,2379567100,2371756800
1643088000000,1/25/2022 5:20,2381636100,2473380860
1643090400000,1/25/2022 6:00,2428507390,2464886530
1643092800000,1/25/2022 6:40,2427772930,2469720830
1643095200000,1/25/2022 7:20,2440857600,2470020350
1643097600000,1/25/2022 8:00,2643343620,2583806980
1643100000000,1/25/2022 8:40,2644474110,2584635650
1643102400000,1/25/2022 9:20,2651571710,2614736130
1643104800000,1/25/2022 10:00,2695933700,2695185410
1643107200000,1/25/2022 10:40,2701238780,2770612740
1643109600000,1/25/2022 11:20,2699809280,2770938370
1643112000000,1/25/2022 12:00,2736617220,2771215870
1643114400000,1/25/2022 12:40,2835498240,2805656320
1643116800000,1/25/2022 13:20,2835330820,2894465280
1643119200000,1/25/2022 14:00,2834391300,2899847940
1643121600000,1/25/2022 14:40,2834155780,2899552260
1643124000000,1/25/2022 15:20,2850237950,2900368130
1643126400000,1/25/2022 16:00,2967329020,2903316990
1643128800000,1/25/2022 16:40,2969932800,2970334210
1643131200000,1/25/2022 17:20,2964355330,3028155650
1643133600000,1/25/2022 18:00,2968905980,3030676740
1643136000000,1/25/2022 18:40,2965084930,3031408130
1643138400000,1/25/2022 19:20,3023184130,3029530880
1643140800000,1/25/2022 20:00,3020413950,3027605250
1643143200000,1/25/2022 20:40,3024435970,3083682300
1643145600000,1/25/2022 21:20,3024756740,3081473020
1643148000000,1/25/2022 22:00,2666052350,2671954430
1643150400000,1/25/2022 22:40,1975822340,2006158590
1643152800000,1/25/2022 23:20,2075408260,2033406850
1643155200000,1/26/2022 0:00,2121045500,2169256190
1643157600000,1/26/2022 0:40,2244158210,2257486340
1643160000000,1/26/2022 1:20,2243220220,2259358210
1643162400000,1/26/2022 2:00,2243531260,2261050110
1643164800000,1/26/2022 2:40,2338788860,2278677760
1643167200000,1/26/2022 3:20,2373891330,2381455620
1643169600000,1/26/2022 4:00,2375156220,2460660220
1643172000000,1/26/2022 4:40,2377181440,2543227650
1643174400000,1/26/2022 5:20,2413064450,2541675260
1643176800000,1/26/2022 6:00,2456264700,2537089020
1643179200000,1/26/2022 6:40,2458076930,2540390660
1643181600000,1/26/2022 7:20,2458201600,2540826370
1643184000000,1/26/2022 8:00,2501729280,2585117440
1643186400000,1/26/2022 8:40,2513181700,2689766660
1643188800000,1/26/2022 9:20,2523806210,2694420990
1643191200000,1/26/2022 10:00,2647396860,2719454460
1643193600000,1/26/2022 10:40,2683023360,2770884860
1643196000000,1/26/2022 11:20,2684826880,2872400640
1643198400000,1/26/2022 12:00,2770204420,2870626560
1643200800000,1/26/2022 12:40,2797927940,2872706050
1643203200000,1/26/2022 13:20,2797064450,2874774530
1643205600000,1/26/2022 14:00,2795891970,2873851650
1643208000000,1/26/2022 14:40,2797466880,3010082560
1643210400000,1/26/2022 15:20,2876996610,3117990660
1643212800000,1/26/2022 16:00,2877887490,3171678460
1643215200000,1/26/2022 16:40,2875354370,3171297790
1643217600000,1/26/2022 17:20,2874593020,3168941570
1643220000000,1/26/2022 18:00,2872729600,3174620670
1643222400000,1/26/2022 18:40,2884447230,3173444860
1643224800000,1/26/2022 19:20,2955873020,3171722240
1643227200000,1/26/2022 20:00,2958265090,3169127680
1643229600000,1/26/2022 20:40,2952362750,3190918660
1643232000000,1/26/2022 21:20,2955548160,3312132100
1643234400000,1/26/2022 22:00,2596343810,2889541890
1643236800000,1/26/2022 22:40,2015762180,2054791550
1643239200000,1/26/2022 23:20,2126355970,2111203200
1643241600000,1/27/2022 0:00,2197938180,2256656640
1643244000000,1/27/2022 0:40,2286270460,2344055810
1643246400000,1/27/2022 1:20,2287625980,2489305600
1643248800000,1/27/2022 2:00,2291682820,2521514750
1643251200000,1/27/2022 2:40,2396707580,2525061890
1643253600000,1/27/2022 3:20,2439926780,2521648900
1643256000000,1/27/2022 4:00,2444866050,2533566210
1643258400000,1/27/2022 4:40,2444992000,2606261760
1643260800000,1/27/2022 5:20,2444995330,2612865540
1643263200000,1/27/2022 6:00,2452514050,2608883710
1643265600000,1/27/2022 6:40,2468458500,2620922620
1643268000000,1/27/2022 7:20,2451906820,2707433220
1643270400000,1/27/2022 8:00,2548965120,2720774400
1643272800000,1/27/2022 8:40,2584304900,2740007420
1643275200000,1/27/2022 9:20,2588169730,2743997180
1643277600000,1/27/2022 10:00,2617797120,2765334780
1643280000000,1/27/2022 10:40,2785714180,2844132860
1643282400000,1/27/2022 11:20,2787275780,2846348030
1643284800000,1/27/2022 12:00,2788374780,2846139900
1643287200000,1/27/2022 12:40,2790769920,2845049340
1643289600000,1/27/2022 13:20,2810127870,2844542980
1643292000000,1/27/2022 14:00,2927358460,2970453250
1643294400000,1/27/2022 14:40,2928879100,3019087360
1643296800000,1/27/2022 15:20,2925842430,3021987840
1643299200000,1/27/2022 16:00,2931339780,3019594500
1643301600000,1/27/2022 16:40,2998332160,3024694780
1643304000000,1/27/2022 17:20,3014817790,3028765440
1643306400000,1/27/2022 18:00,3015910660,3026215170
1643308800000,1/27/2022 18:40,3015212030,3169404930
1643311200000,1/27/2022 19:20,3014586110,3186705410
1643313600000,1/27/2022 20:00,3016758020,3186973700
1643316000000,1/27/2022 20:40,3044625920,3190835460
1643318400000,1/27/2022 21:20,3052042750,3185566460
1643320800000,1/27/2022 22:00,1926963330,1989117570
1643323200000,1/27/2022 22:40,2015837950,2087893500
1643325600000,1/27/2022 23:20,2098904320,2146641540
1643328000000,1/28/2022 0:00,2131557890,2257519870
1643330400000,1/28/2022 0:40,2265909500,2287623940
1643332800000,1/28/2022 1:20,2358171140,2423038210
1643335200000,1/28/2022 2:00,2355494660,2533271810
1643337600000,1/28/2022 2:40,2348955140,2546515970
1643340000000,1/28/2022 3:20,2451565060,2537073150
1643342400000,1/28/2022 4:00,2524360960,2536842500
1643344800000,1/28/2022 4:40,2534228480,2601342980
1643347200000,1/28/2022 5:20,2533451010,2688287490
1643349600000,1/28/2022 6:00,2527888640,2685624060
1643352000000,1/28/2022 6:40,2547735300,2692568320
1643354400000,1/28/2022 7:20,2618010880,2691998460
1643356800000,1/28/2022 8:00,2624359940,2741981700
1643359200000,1/28/2022 8:40,2630447100,2846999810
1643361600000,1/28/2022 9:20,2633873410,2852769790
1643364000000,1/28/2022 10:00,2696344830,2861027840
1643366400000,1/28/2022 10:40,2719517180,2862018560
1643368800000,1/28/2022 11:20,2725531390,2853463810
1643371200000,1/28/2022 12:00,2723624960,2863516930
1643373600000,1/28/2022 12:40,2758906110,2925920510
1643376000000,1/28/2022 13:20,2925889790,2933922300
1643378400000,1/28/2022 14:00,2931532540,2938654720
1643380800000,1/28/2022 14:40,2937841660,2941648380
1643383200000,1/28/2022 15:20,2945474560,2943832060
1643385600000,1/28/2022 16:00,2950892540,3020943360
1643388000000,1/28/2022 16:40,3013963520,3109843710
1643390400000,1/28/2022 17:20,3015250690,3106696450
1643392800000,1/28/2022 18:00,3009754880,3106130430
1643395200000,1/28/2022 18:40,3015290620,3106647040
1643397600000,1/28/2022 19:20,3015825150,3107815170
1643400000000,1/28/2022 20:00,3017879300,3107848960
1643402400000,1/28/2022 20:40,3114632190,3220703740
1643404800000,1/28/2022 21:20,3126828290,3231893760
1643407200000,1/28/2022 22:00,1964780540,1982547460
1643409600000,1/28/2022 22:40,2044028670,2055435260
1643412000000,1/28/2022 23:20,2044037250,2136127100
1643414400000,1/29/2022 0:00,2154234620,2237000700
1643416800000,1/29/2022 0:40,2193746940,2237258240
1643419200000,1/29/2022 1:20,2193925120,2237499900
1643421600000,1/29/2022 2:00,2176032260,2237294080
1643424000000,1/29/2022 2:40,2209235200,2240795390
1643426400000,1/29/2022 3:20,2223226880,2240161280
1643428800000,1/29/2022 4:00,2230743810,2345796100
1643431200000,1/29/2022 4:40,2280662780,2384431360
1643433600000,1/29/2022 5:20,2279944190,2422383620
1643436000000,1/29/2022 6:00,2268366590,2456472830
1643438400000,1/29/2022 6:40,2270625280,2455676420
1643440800000,1/29/2022 7:20,2306392580,2455612930
1643443200000,1/29/2022 8:00,2339582210,2455743490
1643445600000,1/29/2022 8:40,2540696580,2470934020
1643448000000,1/29/2022 9:20,2597404930,2480829700
1643450400000,1/29/2022 10:00,2638937090,2492253440
1643452800000,1/29/2022 10:40,2646561790,2531801090
1643455200000,1/29/2022 11:20,2645789180,2565135100
1643457600000,1/29/2022 12:00,2646104320,2622547200
1643460000000,1/29/2022 12:40,2646496510,2699283200
1643462400000,1/29/2022 13:20,2646686460,2699030020
1643464800000,1/29/2022 14:00,2647572480,2699450370
1643467200000,1/29/2022 14:40,2648452860,2699042560
1643469600000,1/29/2022 15:20,2642546690,2700103680
1643472000000,1/29/2022 16:00,2642057470,2697143810
1643474400000,1/29/2022 16:40,2734392830,2696527620
1643476800000,1/29/2022 17:20,2740436220,2696924160
1643479200000,1/29/2022 18:00,2828923650,2697584900
1643481600000,1/29/2022 18:40,2829680640,2697503230
1643484000000,1/29/2022 19:20,2828132860,2697573890
1643486400000,1/29/2022 20:00,2828190210,2697671420
1643488800000,1/29/2022 20:40,2828326140,2696815360
1643491200000,1/29/2022 21:20,2827437310,2697800190
1643493600000,1/29/2022 22:00,1861236860,1823603200
1643496000000,1/29/2022 22:40,1761436930,1736063870
1643498400000,1/29/2022 23:20,1817795070,1793761410
1643500800000,1/30/2022 0:00,1864954240,1841240960
1643503200000,1/30/2022 0:40,1917382020,1892571900
1643505600000,1/30/2022 1:20,1956470270,1935243140
1643508000000,1/30/2022 2:00,1999461120,1970887300
1643510400000,1/30/2022 2:40,2078310400,2044984580
1643512800000,1/30/2022 3:20,2086085250,2049205630
1643515200000,1/30/2022 4:00,2085804420,2049114880
1643517600000,1/30/2022 4:40,2086107140,2048371710
1643520000000,1/30/2022 5:20,2108384640,2138208380
1643522400000,1/30/2022 6:00,2257892860,2240200450
1643524800000,1/30/2022 6:40,2385826560,2289049090
1643527200000,1/30/2022 7:20,2463099650,2406184700
1643529600000,1/30/2022 8:00,2575246590,2475026180
1643532000000,1/30/2022 8:40,2665043200,2477812990
1643534400000,1/30/2022 9:20,2674153980,2479239940
1643536800000,1/30/2022 10:00,2675014140,2479830020
1643539200000,1/30/2022 10:40,2679450110,2477706240
1643541600000,1/30/2022 11:20,2710109180,2474530050
1643544000000,1/30/2022 12:00,2700584700,2518746370
1643546400000,1/30/2022 12:40,2713935870,2564756480
1643548800000,1/30/2022 13:20,2826141180,2560759040
1643551200000,1/30/2022 14:00,2832906500,2563389440
1643553600000,1/30/2022 14:40,2829492220,2561119490
1643556000000,1/30/2022 15:20,2835202050,2568929280
1643558400000,1/30/2022 16:00,2827418370,2564302590
1643560800000,1/30/2022 16:40,2828989950,2612274180
1643563200000,1/30/2022 17:20,2841667070,2632775420
1643565600000,1/30/2022 18:00,2826576900,2628382210
1643568000000,1/30/2022 18:40,2955514620,2630982140
1643570400000,1/30/2022 19:20,3048493820,2630540540
1643572800000,1/30/2022 20:00,3045079550,2630109440
1643575200000,1/30/2022 20:40,3042834690,2630118910
1643577600000,1/30/2022 21:20,3039512830,2683430140
1643580000000,1/30/2022 22:00,1892856700,1863704320
1643582400000,1/30/2022 22:40,1944706430,2046217090
1643584800000,1/30/2022 23:20,1979860480,2156552190
1643587200000,1/31/2022 0:00,2136014590,2226338560
1643589600000,1/31/2022 0:40,2240024830,2245146620
1643592000000,1/31/2022 1:20,2249779970,2296192000
1643594400000,1/31/2022 2:00,2296483840,2391784190
1643596800000,1/31/2022 2:40,2350944770,2505266180
1643599200000,1/31/2022 3:20,2353503490,2509241090
1643601600000,1/31/2022 4:00,2346797570,2512528900
1643604000000,1/31/2022 4:40,2413062660,2521230590
1643606400000,1/31/2022 5:20,2503170300,2512824060
1643608800000,1/31/2022 6:00,2495774720,2516990720
1643611200000,1/31/2022 6:40,2501494020,2615696640
1643613600000,1/31/2022 7:20,2505022980,2782899710
1643616000000,1/31/2022 8:00,2602940670,2784365310
1643618400000,1/31/2022 8:40,2652708610,2796029180
1643620800000,1/31/2022 9:20,2651333630,2820641020
1643623200000,1/31/2022 10:00,2658486270,2913903100
1643625600000,1/31/2022 10:40,2762261500,2976312060
1643628000000,1/31/2022 11:20,2769718020,2987356930
1643630400000,1/31/2022 12:00,2765866500,2986673410
1643632800000,1/31/2022 12:40,2770888450,2991670270
1643635200000,1/31/2022 13:20,2949216770,3080710660
1643637600000,1/31/2022 14:00,2954694910,3165566460
1643640000000,1/31/2022 14:40,2957063170,3165502460
1643642400000,1/31/2022 15:20,2956218370,3166158850
1643644800000,1/31/2022 16:00,3034833410,3172686080
1643647200000,1/31/2022 16:40,3035724540,3171566340
1643649600000,1/31/2022 17:20,3034790660,3166177280
1643652000000,1/31/2022 18:00,3036291840,3264950530
1643654400000,1/31/2022 18:40,3037327870,3261935100
1643656800000,1/31/2022 19:20,3038372350,3257772800
1643659200000,1/31/2022 20:00,3036602620,3252434180
1643661600000,1/31/2022 20:40,3039162110,3253011970
1643664000000,1/31/2022 21:20,3035471620,3253756930
1643666400000,1/31/2022 22:00,1904075780,1984723840
1643668800000,1/31/2022 22:40,1995930370,2000400260
1643671200000,1/31/2022 23:20,2116743680,2062487940
1643673600000,2/1/2022 0:00,2205634300,2161561860
