timestamp,namespace,model_name,dataset_slug,scaling_mode,current_replicas,desired_replicas,current_memory_mb,desired_memory_mb,predicted_cpu_cores,actual_cpu_cores,predicted_ram_gb,actual_ram_gb,action_horizontal,action_vertical,sla_cpu_violation,sla_ram_violation,selected_model,fit_time_cpu_seconds,predict_time_cpu_seconds,fit_time_ram_seconds,predict_time_ram_seconds,refit_skipped,cycle_number,phase,pod_restart_count,pod_ready_latency_seconds
2026-06-18T18:01:25.026121+00:00,tcc-ens-expsm-fft-a-cpu-hv,Ensemble,a-cpu,combined,1,1,512,512,0.0,0.0,0.0,0.0,no_change,no_change,False,False,Ensemble,0.0,0.0,0.0,0.0,0,0,warmup,0,0.0
2026-06-18T18:01:39.772875+00:00,tcc-ens-expsm-fft-a-cpu-hv,Ensemble,a-cpu,combined,1,1,512,512,0.0,0.0,0.0,0.0,no_change,no_change,False,False,Ensemble,0.011618068999950992,0.0,0.003620277999971222,0.0,2,1,warmup,0,0.0
2026-06-18T18:01:54.803426+00:00,tcc-ens-expsm-fft-a-cpu-hv,Ensemble,a-cpu,combined,1,1,512,8192,0.0,0.0,10.666667281003377,8.0,no_change,scale_up,False,True,Ensemble,0.005705567999939376,0.0,0.01909740899998269,0.0051025540000182446,3,2,warmup,1,0.0
2026-06-18T18:02:09.793138+00:00,tcc-ens-expsm-fft-a-cpu-hv,Ensemble,a-cpu,combined,1,1,8192,8192,0.0,0.0,4.002498764808792,0.00251007080078125,no_change,cooldown,False,False,Ensemble,0.004231341000036082,0.0,0.010481429999913416,0.0029271590000234937,4,3,warmup,0,0.0
2026-06-18T18:02:24.826411+00:00,tcc-ens-expsm-fft-a-cpu-hv,Ensemble,a-cpu,combined,1,1,8192,8192,0.17031572649134719,0.17031572649134719,1.6479084719772976,0.05832672119140625,no_change,cooldown,False,False,Ensemble,0.00529064699992432,0.0,0.01621940999996241,0.0037891819999913423,5,4,warmup,0,0.0
2026-06-18T18:02:39.849069+00:00,tcc-ens-expsm-fft-a-cpu-hv,Ensemble,a-cpu,combined,1,1,8192,8192,0.3145635916666667,0.3145635916666667,0.6004291414740226,0.058811187744140625,no_change,cooldown,False,False,Ensemble,0.005719756000075904,0.0,0.020038584999952036,0.004469702000051257,6,5,warmup,0,0.0
2026-06-18T18:02:54.833446+00:00,tcc-ens-expsm-fft-a-cpu-hv,Ensemble,a-cpu,combined,1,1,8192,8192,0.34170918506646114,0.34170918506646114,0.1346560388337518,0.16176605224609375,no_change,cooldown,False,False,Ensemble,0.0038131089999069445,0.0,0.010775820000048952,0.0028092260000676106,7,6,warmup,0,0.0
2026-06-18T18:03:09.868922+00:00,tcc-ens-expsm-fft-a-cpu-hv,Ensemble,a-cpu,combined,1,1,8192,8192,0.34170918506646114,0.2659004853566313,2.8498670318482713,6.0892333984375,no_change,cooldown,False,False,Ensemble,0.005316203000006681,0.0,0.012441568999975061,0.00282073199991828,8,7,warmup,0,0.0
2026-06-18T18:03:24.874333+00:00,tcc-ens-expsm-fft-a-cpu-hv,Ensemble,a-cpu,combined,1,1,8192,8192,0.4925426554703663,0.4925426554703663,4.057905493135021,5.041225433349609,no_change,cooldown,True,False,Ensemble,0.005173965999915708,0.0,0.017520534999903248,0.004082080999978643,9,8,warmup,0,0.0
2026-06-18T18:03:39.901243+00:00,tcc-ens-expsm-fft-a-cpu-hv,Ensemble,a-cpu,combined,1,1,8192,8192,0.4925426554703663,0.4136182683213436,4.062790006752167,3.1195945739746094,no_change,cooldown,False,False,Ensemble,0.003991689000031329,0.0,0.02045883400001003,0.0029468709999491693,10,9,warmup,0,0.0
2026-06-18T18:03:54.879602+00:00,tcc-ens-expsm-fft-a-cpu-hv,Ensemble,a-cpu,combined,1,1,8192,8192,0.4925426554703663,0.1077188500000001,3.7961948159010355,2.424854278564453,no_change,cooldown,False,False,Ensemble,0.0036602779999839186,0.0,0.010779178999996475,0.0026453289999608387,11,10,warmup,0,0.0
2026-06-18T18:04:09.961751+00:00,tcc-ens-expsm-fft-a-cpu-hv,Ensemble,a-cpu,combined,1,1,8192,8192,0.4925426554703663,0.2973939991970376,3.602514120367625,2.451404571533203,no_change,cooldown,False,False,Ensemble,0.007731066000019382,0.0,0.0182336130000067,0.004110391000040181,12,11,warmup,0,0.0
2026-06-18T18:04:24.907329+00:00,tcc-ens-expsm-fft-a-cpu-hv,Ensemble,a-cpu,combined,1,1,8192,8192,0.4925426554703663,0.272541645179788,3.4512613701046684,2.451671600341797,no_change,cooldown,False,False,Ensemble,0.004050005999943096,0.0,0.012124904999950559,0.002877781000051982,13,12,warmup,0,0.0
2026-06-18T18:04:39.918805+00:00,tcc-ens-expsm-fft-a-cpu-hv,Ensemble,a-cpu,combined,1,1,8192,8192,0.4925426554703663,0.31100704318584993,3.3958603101470572,2.6801986694335938,no_change,cooldown,False,False,Ensemble,0.004559696999990592,0.0,0.0119111139999859,0.0027674760000309107,14,13,warmup,0,0.0
2026-06-18T18:04:54.927862+00:00,tcc-ens-expsm-fft-a-cpu-hv,Ensemble,a-cpu,combined,1,1,8192,8192,0.4925426554703663,0.38275624817013126,3.4259340656797077,2.9728012084960938,no_change,cooldown,False,False,Ensemble,0.003945185000020501,0.0,0.011715302999959931,0.0027436690000968156,15,14,warmup,0,0.0
2026-06-18T18:05:09.944010+00:00,tcc-ens-expsm-fft-a-cpu-hv,Ensemble,a-cpu,combined,1,1,8192,8192,0.4925426554703663,0.3309195231718353,3.5012091383686377,3.197856903076172,no_change,cooldown,False,False,Ensemble,0.004356234999931985,0.0,0.012182219999999688,0.0026877699999658944,16,15,warmup,0,0.0
2026-06-18T18:05:24.946401+00:00,tcc-ens-expsm-fft-a-cpu-hv,Ensemble,a-cpu,combined,1,1,8192,8192,0.4925426554703663,0.31008740161402804,3.557105048312395,3.1978302001953125,no_change,cooldown,False,False,Ensemble,0.004355209000095783,0.0,0.012364869000066392,0.002744907000078456,17,16,warmup,0,0.0
2026-06-18T18:05:39.964454+00:00,tcc-ens-expsm-fft-a-cpu-hv,Ensemble,a-cpu,combined,1,1,8192,8192,0.4925426554703663,0.4486073336683809,3.737959026418029,3.8249664306640625,no_change,cooldown,False,False,Ensemble,0.004234011000107785,0.0,0.012897816000077,0.0029779519998101023,18,17,warmup,0,0.0
2026-06-18T18:05:54.971697+00:00,tcc-ens-expsm-fft-a-cpu-hv,Ensemble,a-cpu,combined,1,1,8192,8192,0.4925426554703663,0.31433776934967605,3.9929480273387203,4.350551605224609,no_change,cooldown,False,False,Ensemble,0.004150292000076661,0.0,0.014620938999996724,0.0029789170000640297,19,18,warmup,0,0.0
2026-06-18T18:06:09.980171+00:00,tcc-ens-expsm-fft-a-cpu-hv,Ensemble,a-cpu,combined,1,2,8192,8192,0.5165101996269398,0.5165101996269398,4.2458527008144635,4.5789947509765625,scale_up,cooldown,True,False,Ensemble,0.00405863700007103,0.0,0.013999722999869846,0.002970627999957287,20,19,warmup,0,0.0
2026-06-18T18:06:25.038514+00:00,tcc-ens-expsm-fft-a-cpu-hv,Ensemble,a-cpu,combined,2,2,8192,8192,0.5165101996269398,0.3904403644115106,4.4645698618640655,4.637763977050781,no_change,cooldown,False,False,Ensemble,0.0070557970000209025,0.0,0.024328133999915735,0.004352229000005536,21,20,warmup,0,0.0
2026-06-18T18:06:40.009936+00:00,tcc-ens-expsm-fft-a-cpu-hv,Ensemble,a-cpu,combined,2,2,8192,8192,0.5165101996269398,0.37242760586504653,4.658777049041352,4.71234130859375,no_change,cooldown,False,False,Ensemble,0.004083278000052815,0.0,0.01495379499988303,0.003171945000076448,22,21,warmup,0,0.0
2026-06-18T18:06:55.007835+00:00,tcc-ens-expsm-fft-a-cpu-hv,Ensemble,a-cpu,combined,2,2,8192,4096,0.5165101996269398,0.3576900593135267,4.813576437124812,4.67431640625,no_change,scale_down,False,False,Ensemble,0.0040867660000003525,0.0,0.013913022999986424,0.002809694000006857,23,22,warmup,2,0.0
2026-06-18T18:07:10.052893+00:00,tcc-ens-expsm-fft-a-cpu-hv,Ensemble,a-cpu,combined,2,2,4096,4096,0.5165101996269398,0.4531270898465769,4.95089076486628,4.723850250244141,no_change,cooldown,False,False,Ensemble,0.006705863999968642,0.0,0.02344849500013879,0.00526114400008737,24,23,warmup,0,0.0
2026-06-18T18:07:25.039135+00:00,tcc-ens-expsm-fft-a-cpu-hv,Ensemble,a-cpu,combined,2,2,4096,4096,0.5165101996269398,0.37238122380070154,5.450899924244206,7.1298675537109375,no_change,cooldown,False,False,Ensemble,0.004202316999908362,0.0,0.01311091699994904,0.0027635879998797463,25,24,warmup,0,0.0
2026-06-18T18:07:40.059471+00:00,tcc-ens-expsm-fft-a-cpu-hv,Ensemble,a-cpu,combined,2,2,4096,4096,0.5165101996269398,0.2297576183140494,6.235955031579314,9.439155578613281,no_change,no_change,False,False,Ensemble,0.004446843999858174,0.0,0.012147363000167388,0.0028526439998586284,26,25,warmup,0,0.0
2026-06-18T18:07:55.100466+00:00,tcc-ens-expsm-fft-a-cpu-hv,Ensemble,a-cpu,combined,2,2,4096,4096,0.5165101996269398,0.20818059381146128,6.916738816698217,9.44363021850586,no_change,no_change,False,False,Ensemble,0.007779136000181097,0.0,0.020605868000075134,0.004393423999999868,27,26,warmup,0,0.0
2026-06-18T18:08:10.076785+00:00,tcc-ens-expsm-fft-a-cpu-hv,Ensemble,a-cpu,combined,2,2,4096,4096,0.5165101996269398,0.3471276010907573,7.509215383520066,9.446941375732422,no_change,no_change,False,False,Ensemble,0.004499193999890849,0.0,0.011761520999925779,0.002835485000105109,28,27,warmup,0,0.0
2026-06-18T18:08:25.094075+00:00,tcc-ens-expsm-fft-a-cpu-hv,Ensemble,a-cpu,combined,2,2,4096,4096,0.5165101996269398,0.27556363525758787,8.026875116701369,9.451728820800781,no_change,no_change,False,False,Ensemble,0.003979492000098617,0.0,0.012826520000089658,0.0028253680000034365,29,28,warmup,0,0.0
2026-06-18T18:08:40.131068+00:00,tcc-ens-expsm-fft-a-cpu-hv,Ensemble,a-cpu,combined,2,2,4096,4096,0.5165101996269398,0.22281189348643954,8.480633273841562,9.45663833618164,no_change,no_change,False,False,Ensemble,0.0059933210000053805,0.0,0.020161215000143784,0.0043040979999204865,30,29,warmup,0,0.0
2026-06-18T18:08:55.125867+00:00,tcc-ens-expsm-fft-a-cpu-hv,Ensemble,a-cpu,combined,2,2,4096,4096,0.5165101996269398,0.35192213729378385,9.483588246821206,9.450931549072266,no_change,no_change,False,False,Ensemble,0.0038757769998483127,0.0,0.014053719999992609,0.0028572909998274554,31,30,warmup,0,0.0
2026-06-18T18:09:10.150033+00:00,tcc-ens-expsm-fft-a-cpu-hv,Ensemble,a-cpu,combined,2,2,4096,4096,0.5165101996269398,0.30155872681123674,9.753037817332524,9.452713012695312,no_change,no_change,False,False,Ensemble,0.004310778999979448,0.0,0.014281930999914039,0.004269251000096119,32,31,warmup,0,0.0
2026-06-18T18:09:25.496123+00:00,tcc-ens-expsm-fft-a-cpu-hv,Ensemble,a-cpu,combined,2,2,4096,4096,0.5165101996269398,0.3567797078058255,9.53712291202874,9.454593658447266,no_change,no_change,False,False,Ensemble,0.0055269419999604,0.0,0.027927448999889748,0.016347215999985565,33,32,warmup,0,0.0
2026-06-18T18:09:41.169401+00:00,tcc-ens-expsm-fft-a-cpu-hv,Ensemble,a-cpu,combined,2,3,4096,4096,1.4738020985565607,1.4738020985565607,9.81084503916247,9.460933685302734,scale_up,no_change,True,False,Ensemble,0.1743539410001631,0.0,0.05125398300015149,0.004250368000157323,34,33,warmup,0,0.0
2026-06-18T18:09:55.924347+00:00,tcc-ens-expsm-fft-a-cpu-hv,Ensemble,a-cpu,combined,3,3,4096,4096,2.1345403910346814,2.1345403910346814,10.053433423360223,9.463340759277344,cooldown,cooldown,True,False,Ensemble,0.007722675999957573,0.0,0.07118005500001345,0.007745756999838704,35,34,warmup,0,0.0
2026-06-18T18:10:10.402910+00:00,tcc-ens-expsm-fft-a-cpu-hv,Ensemble,a-cpu,combined,3,3,4096,4096,2.4600387733995315,2.4600387733995315,10.273880758770481,9.511608123779297,cooldown,cooldown,True,False,Ensemble,0.006083362999788733,0.0,0.09037711099995249,0.004607519000046523,36,35,warmup,0,0.0
2026-06-18T18:10:25.238120+00:00,tcc-ens-expsm-fft-a-cpu-hv,Ensemble,a-cpu,combined,3,3,4096,4096,2.5119702360178993,2.5119702360178993,10.469682431034613,9.511608123779297,cooldown,cooldown,True,False,Ensemble,0.005218586999944819,0.0,0.01674146599998494,0.003669145000003482,37,36,warmup,0,0.0
2026-06-18T18:10:42.664765+00:00,tcc-ens-expsm-fft-a-cpu-hv,Ensemble,a-cpu,combined,3,6,4096,4096,2.5119702360178993,1.9775584027908546,10.645005561355868,9.523170471191406,scale_up,cooldown,True,False,Ensemble,0.18955713099990135,0.0,0.5437491599998339,0.057663422000132414,38,37,warmup,0,0.0
2026-06-18T18:10:57.484306+00:00,tcc-ens-expsm-fft-a-cpu-hv,Ensemble,a-cpu,combined,6,6,4096,4096,2.5119702360178993,2.1844761456331905,10.645005561355868,9.530242919921875,no_change,cooldown,False,False,Ensemble,0.11724126900003284,0.0,0.16232780700011062,0.057663422000132414,40,38,warmup,0,0.0
2026-06-18T18:11:11.644341+00:00,tcc-ens-expsm-fft-a-cpu-hv,Ensemble,a-cpu,combined,6,6,4096,4096,2.5119702360178993,2.4105920211173983,10.645005561355868,9.61941909790039,no_change,cooldown,False,False,Ensemble,0.007386231999817028,0.0,0.005377691999910894,0.057663422000132414,42,39,warmup,0,0.0
2026-06-18T18:11:29.875217+00:00,tcc-ens-expsm-fft-a-cpu-hv,Ensemble,a-cpu,combined,6,6,4096,4096,2.5507785449856932,2.5507785449856932,4.156044976969528,9.6800537109375,no_change,cooldown,False,False,Ensemble,0.23682641400000648,0.0,1.5497930159999669,0.3568239569999605,43,40,warmup,0,0.0
2026-06-18T18:11:40.717088+00:00,tcc-ens-expsm-fft-a-cpu-hv,Ensemble,a-cpu,combined,6,6,4096,4096,2.5507785449856932,1.936464582955106,4.110821005237628,9.68719482421875,no_change,cooldown,False,False,Ensemble,0.005875243999980739,0.0,0.16937848199995642,0.004650437000009333,44,41,warmup,0,0.0
2026-06-18T18:11:55.833587+00:00,tcc-ens-expsm-fft-a-cpu-hv,Ensemble,a-cpu,combined,6,6,4096,2048,2.5507785449856932,2.4162883284003067,10.463691614721274,9.688865661621094,no_change,scale_down,False,False,Ensemble,0.0061776790000749315,0.0,0.13659357500000624,0.0043603460001122585,45,42,warmup,6,0.0
2026-06-18T18:12:12.312581+00:00,tcc-ens-expsm-fft-a-cpu-hv,Ensemble,a-cpu,combined,6,6,2048,2048,2.5507785449856932,2.1753065393003506,2.890359151889314,4.575405120849609,no_change,cooldown,False,False,Ensemble,0.2195706100001189,0.0,0.07396051699993222,0.002337982999961241,46,43,warmup,0,0.0
2026-06-18T18:12:25.341729+00:00,tcc-ens-expsm-fft-a-cpu-hv,Ensemble,a-cpu,combined,6,6,2048,2048,2.5507785449856932,1.8539404342674655,2.5590823878965634,5.617305755615234,no_change,cooldown,False,False,Ensemble,0.004327128000113589,0.0,0.029045658000086405,0.0017661730000781972,47,44,warmup,0,0.0
2026-06-18T18:12:40.372409+00:00,tcc-ens-expsm-fft-a-cpu-hv,Ensemble,a-cpu,combined,6,6,2048,2048,2.5507785449856932,1.0285138626178236,8.043550890583221,8.75616455078125,no_change,cooldown,False,False,Ensemble,0.004288421000183007,0.0,0.037994514000047275,0.0032166480000341835,48,45,warmup,0,0.0
2026-06-18T18:12:56.396051+00:00,tcc-ens-expsm-fft-a-cpu-hv,Ensemble,a-cpu,combined,6,6,2048,2048,2.5507785449856932,0.7714572379533636,8.787315702581333,9.531307220458984,no_change,cooldown,False,False,Ensemble,0.006281933000082063,0.0,0.06165437899994686,0.004295601999956489,49,46,warmup,0,0.0
2026-06-18T18:13:10.436908+00:00,tcc-ens-expsm-fft-a-cpu-hv,Ensemble,a-cpu,combined,6,6,2048,2048,2.5507785449856932,0.36937142423048713,9.228521228352191,9.534217834472656,no_change,cooldown,False,False,Ensemble,0.006070498999861229,0.0,0.04344437500003551,0.002958597000088048,50,47,warmup,0,0.0
2026-06-18T18:13:25.410994+00:00,tcc-ens-expsm-fft-a-cpu-hv,Ensemble,a-cpu,combined,6,6,2048,2048,2.5507785449856932,0.44320735877118134,9.512861052107814,9.538562774658203,no_change,cooldown,False,False,Ensemble,0.004418376000103308,0.0,0.03721185499989588,0.003103594000094745,51,48,warmup,0,0.0
2026-06-18T18:13:40.430407+00:00,tcc-ens-expsm-fft-a-cpu-hv,Ensemble,a-cpu,combined,6,6,2048,2048,2.5507785449856932,0.3911244858015767,9.692312970015522,9.533515930175781,no_change,cooldown,False,False,Ensemble,0.003986825000083627,0.0,0.04269610400001511,0.003810207000014998,52,49,warmup,0,0.0
2026-06-18T18:13:55.456497+00:00,tcc-ens-expsm-fft-a-cpu-hv,Ensemble,a-cpu,combined,6,6,2048,2048,2.5507785449856932,0.2876067387770973,9.80558839835096,9.533729553222656,no_change,cooldown,False,False,Ensemble,0.0045286810000106925,0.0,0.0458717539997906,0.003942438999956721,53,50,warmup,0,0.0
2026-06-18T18:14:10.461301+00:00,tcc-ens-expsm-fft-a-cpu-hv,Ensemble,a-cpu,combined,6,6,2048,2048,2.5507785449856932,0.42939129129504144,9.876018228732935,9.533618927001953,no_change,cooldown,False,False,Ensemble,0.0039005210001050727,0.0,0.04272954799989748,0.0028664980000030482,54,51,warmup,0,0.0
2026-06-18T18:14:25.505689+00:00,tcc-ens-expsm-fft-a-cpu-hv,Ensemble,a-cpu,combined,6,6,2048,2048,2.5507785449856932,0.31188676160199885,9.918478150652696,9.533538818359375,no_change,cooldown,False,False,Ensemble,0.005031932000065353,0.0,0.05273090800005775,0.0037449760000072274,55,52,warmup,0,0.0
2026-06-18T18:14:40.491631+00:00,tcc-ens-expsm-fft-a-cpu-hv,Ensemble,a-cpu,combined,6,6,2048,2048,2.5507785449856932,0.13459461439568887,9.94252797005022,9.53359603881836,no_change,cooldown,False,False,Ensemble,0.004412668999975722,0.0,0.03932115700013128,0.0031290520000766264,56,53,warmup,0,0.0
2026-06-18T18:14:55.519437+00:00,tcc-ens-expsm-fft-a-cpu-hv,Ensemble,a-cpu,combined,6,6,2048,2048,2.5507785449856932,0.39678163705345354,9.954427737582986,9.533775329589844,no_change,cooldown,False,False,Ensemble,0.004018901000108599,0.0,0.039973422000002756,0.003347599999869999,57,54,warmup,0,0.0
2026-06-18T18:15:10.660738+00:00,tcc-ens-expsm-fft-a-cpu-hv,Ensemble,a-cpu,combined,6,6,2048,2048,2.5507785449856932,0.38157456477324425,9.958241173754478,9.533653259277344,no_change,cooldown,False,False,Ensemble,0.005585268000004362,0.0,0.0569414289998349,0.0027674190000652743,58,55,warmup,0,0.0
2026-06-18T18:15:31.462320+00:00,tcc-ens-expsm-fft-a-cpu-hv,Ensemble,a-cpu,combined,6,6,2048,2048,2.5507785449856932,0.35799347245338276,9.957111334986157,9.534252166748047,no_change,cooldown,False,False,Ensemble,0.14266328600001543,0.0,2.616805531999944,0.10495264499991208,59,56,warmup,0,0.0
2026-06-18T18:15:45.980384+00:00,tcc-ens-expsm-fft-a-cpu-hv,Ensemble,a-cpu,combined,6,6,2048,2048,2.5507785449856932,1.3325071376095863,9.755728941641292,9.017913818359375,no_change,cooldown,False,False,Ensemble,0.30996597300008943,0.0,2.278700456000024,0.12783601200021621,60,57,warmup,0,0.0
2026-06-18T18:16:00.501913+00:00,tcc-ens-expsm-fft-a-cpu-hv,Ensemble,a-cpu,combined,6,6,2048,2048,2.5507785449856932,2.150181356583248,9.822592194164635,9.542926788330078,no_change,cooldown,False,False,Ensemble,0.19579404699993574,0.0,1.5524498489999132,0.19574371600015184,61,58,warmup,0,0.0
2026-06-18T18:16:11.051931+00:00,tcc-ens-expsm-fft-a-cpu-hv,Ensemble,a-cpu,combined,6,6,2048,2048,2.638853620205835,2.638853620205835,9.67172091580855,9.049652099609375,no_change,cooldown,False,False,Ensemble,0.0057750729999952455,0.0,0.06619368099995881,0.004725172999997085,62,59,warmup,0,0.0
2026-06-18T18:16:31.681445+00:00,tcc-ens-expsm-fft-a-cpu-hv,Ensemble,a-cpu,combined,6,6,2048,2048,2.638853620205835,2.598866486732554,9.765600950358692,9.547050476074219,no_change,cooldown,False,False,Ensemble,0.22858456899984958,0.0,2.714845240999921,0.26056728799994744,63,60,warmup,0,0.0
2026-06-18T18:16:47.289711+00:00,tcc-ens-expsm-fft-a-cpu-hv,Ensemble,a-cpu,combined,6,6,2048,2048,2.638853620205835,2.1336887433125264,9.657218585029696,9.122112274169922,no_change,cooldown,False,False,Ensemble,0.2694561260000228,0.0,2.8955407549999563,0.05682752100005928,64,61,warmup,0,0.0
2026-06-18T18:17:00.853104+00:00,tcc-ens-expsm-fft-a-cpu-hv,Ensemble,a-cpu,combined,6,6,2048,1024,2.638853620205835,2.276025211453019,8.744025132609842,7.062557220458984,no_change,scale_down,False,False,Ensemble,0.22956375400008255,0.0,2.2102619110000887,0.08271321999995962,65,62,warmup,6,0.0
2026-06-18T18:17:27.901992+00:00,tcc-ens-expsm-fft-a-cpu-hv,Ensemble,a-cpu,combined,6,6,1024,1024,2.638853620205835,2.3136100981402756,5.628456117896862,4.310661315917969,no_change,no_change,False,False,Ensemble,0.17848208500004148,0.0,4.230492543999844,0.053785401999903115,66,63,warmup,0,0.0
2026-06-18T18:17:34.599713+00:00,tcc-ens-expsm-fft-a-cpu-hv,Ensemble,a-cpu,combined,6,6,1024,1024,2.638853620205835,1.936774526777326,5.3443798955005,5.056800842285156,no_change,no_change,False,False,Ensemble,0.2668479589999606,0.0,2.7531279749998703,0.19849922399998832,67,64,warmup,0,0.0
2026-06-18T18:17:43.899841+00:00,tcc-ens-expsm-fft-a-cpu-hv,Ensemble,a-cpu,combined,6,6,1024,1024,2.638853620205835,1.499127388780846,5.43016627776311,5.327445983886719,no_change,no_change,False,False,Ensemble,0.008141911000166147,0.0,0.09941151599991827,0.016172808000192163,68,65,warmup,0,0.0
2026-06-18T18:17:58.458497+00:00,tcc-ens-expsm-fft-a-cpu-hv,Ensemble,a-cpu,combined,6,6,1024,1024,2.638853620205835,1.412609851293674,2.3984755390216543,5.3354644775390625,no_change,no_change,False,False,Ensemble,0.006196253000098295,0.0,0.05448738499990213,0.0027321800000663643,69,66,warmup,0,0.0
2026-06-18T18:18:13.690815+00:00,tcc-ens-expsm-fft-a-cpu-hv,Ensemble,a-cpu,combined,6,6,1024,1024,2.638853620205835,1.975824423026498,2.6732165515127844,5.335548400878906,no_change,no_change,False,False,Ensemble,0.004040594000116471,0.0,0.036657725000168284,0.0025472039999385743,70,67,warmup,0,0.0
2026-06-18T18:18:28.611144+00:00,tcc-ens-expsm-fft-a-cpu-hv,Ensemble,a-cpu,combined,6,6,1024,1024,2.638853620205835,1.7441944626004533,3.8383470997084346,10.02105712890625,no_change,no_change,False,False,Ensemble,0.003951631000063571,0.0,0.035056353000072704,0.0022419800000079704,71,68,warmup,0,0.0
2026-06-18T18:18:43.456704+00:00,tcc-ens-expsm-fft-a-cpu-hv,Ensemble,a-cpu,combined,6,6,1024,1024,2.638853620205835,0.9999014333804386,3.7694094247928627,10.069625854492188,no_change,no_change,False,False,Ensemble,0.004489369000111765,0.0,0.03616723099980845,0.0019274119999863615,72,69,warmup,0,0.0
2026-06-18T18:18:58.506729+00:00,tcc-ens-expsm-fft-a-cpu-hv,Ensemble,a-cpu,combined,6,6,1024,1024,2.638853620205835,0.6710877987403564,3.592033738212351,10.106742858886719,no_change,no_change,False,False,Ensemble,0.006524067000100331,0.0,0.03671552400010114,0.0018149489999359503,73,70,warmup,0,0.0
2026-06-18T18:19:15.067919+00:00,tcc-ens-expsm-fft-a-cpu-hv,Ensemble,a-cpu,combined,6,6,1024,1024,2.638853620205835,0.6936401557292505,4.319034477165358,9.640876770019531,no_change,no_change,False,False,Ensemble,0.006164343999898847,0.0,0.6850667040000644,0.016495780000013838,74,71,warmup,0,0.0
2026-06-18T18:19:28.498991+00:00,tcc-ens-expsm-fft-a-cpu-hv,Ensemble,a-cpu,combined,6,6,1024,1024,2.638853620205835,0.36643510018400105,4.543197233010846,10.16141128540039,no_change,no_change,False,False,Ensemble,0.00511837299995932,0.0,0.032011402000080125,0.0017558140000346611,75,72,warmup,0,0.0
2026-06-18T18:19:43.505538+00:00,tcc-ens-expsm-fft-a-cpu-hv,Ensemble,a-cpu,combined,6,6,1024,1024,2.638853620205835,0.3433043452885245,4.223902574921845,9.80105209350586,no_change,no_change,False,False,Ensemble,0.004258438000078968,0.0,0.032314197999994576,0.0020688370000243594,76,73,warmup,0,0.0
2026-06-18T18:19:58.518311+00:00,tcc-ens-expsm-fft-a-cpu-hv,Ensemble,a-cpu,combined,6,6,1024,1024,2.638853620205835,0.3904064456922919,4.0292602782582625,10.354999542236328,no_change,no_change,False,False,Ensemble,0.003944025000009788,0.0,0.03066644599994106,0.0018143249999411637,77,74,warmup,0,0.0
2026-06-18T18:20:13.755423+00:00,tcc-ens-expsm-fft-a-cpu-hv,Ensemble,a-cpu,combined,6,6,1024,1024,2.638853620205835,0.1601426843679049,4.36232343974808,10.3961181640625,no_change,no_change,False,False,Ensemble,0.005892725999956383,0.0,0.21167257100000825,0.0024394050001319556,78,75,warmup,0,0.0
2026-06-18T18:20:28.546482+00:00,tcc-ens-expsm-fft-a-cpu-hv,Ensemble,a-cpu,combined,6,6,1024,1024,2.638853620205835,0.1813590221373625,5.035953532410728,10.437259674072266,no_change,no_change,False,False,Ensemble,0.004036137999946732,0.0,0.0320939799998996,0.0017285960000208433,79,76,warmup,0,0.0
2026-06-18T18:20:43.558756+00:00,tcc-ens-expsm-fft-a-cpu-hv,Ensemble,a-cpu,combined,6,6,1024,1024,2.638853620205835,0.40262325029585233,4.90384441638232,10.472469329833984,no_change,no_change,False,False,Ensemble,0.0048314659998141,0.0,0.04046811799980787,0.0026067920000514277,80,77,warmup,0,0.0
2026-06-18T18:20:58.567498+00:00,tcc-ens-expsm-fft-a-cpu-hv,Ensemble,a-cpu,combined,6,6,1024,1024,2.638853620205835,0.48720303462714615,4.780585548100017,10.501781463623047,no_change,no_change,False,False,Ensemble,0.0040602079998279805,0.0,0.03247825799985549,0.0017132979999132658,81,78,warmup,0,0.0
2026-06-18T18:21:13.579968+00:00,tcc-ens-expsm-fft-a-cpu-hv,Ensemble,a-cpu,combined,6,6,1024,1024,2.638853620205835,0.3702506808939437,5.4780600353003175,10.599647521972656,no_change,no_change,False,False,Ensemble,0.004019188999791368,0.0,0.03525662100014415,0.0025268859999414417,82,79,warmup,0,0.0
2026-06-18T18:21:33.510461+00:00,tcc-ens-expsm-fft-a-cpu-hv,Ensemble,a-cpu,combined,6,6,1024,1024,2.638853620205835,0.5597905585561774,5.874829817327521,10.678104400634766,no_change,no_change,False,False,Ensemble,0.254585772999917,0.0,2.534585340999911,0.022347290999960023,83,80,warmup,0,0.0
2026-06-18T18:21:47.096492+00:00,tcc-ens-expsm-fft-a-cpu-hv,Ensemble,a-cpu,combined,6,6,1024,1024,2.638853620205835,1.3071448687040341,10.881855398271826,10.708328247070312,no_change,cooldown,False,False,Ensemble,0.050085677999959444,0.0,1.8763159380000616,0.20828991099983796,84,81,warmup,0,0.0
2026-06-18T18:22:00.793606+00:00,tcc-ens-expsm-fft-a-cpu-hv,Ensemble,a-cpu,combined,6,6,1024,1024,2.638853620205835,2.2791669343011525,10.409999602105454,9.922183990478516,no_change,cooldown,False,False,Ensemble,0.06446583900014957,0.0,1.6303642589998617,0.005710219999855326,85,82,warmup,0,0.0
2026-06-18T18:22:13.655641+00:00,tcc-ens-expsm-fft-a-cpu-hv,Ensemble,a-cpu,combined,6,6,1024,1365,2.638853620205835,2.4520192262570184,7.652370411256058,6.033477783203125,no_change,scale_up,False,False,Ensemble,0.004095252000070104,0.0,0.036775353999928484,0.003356037000003198,86,83,warmup,6,0.0
2026-06-18T18:22:32.154137+00:00,tcc-ens-expsm-fft-a-cpu-hv,Ensemble,a-cpu,combined,6,6,1365,1365,2.638853620205835,2.0913957487622974,6.045522148239273,5.803562164306641,no_change,no_change,False,False,Ensemble,0.5054748439997638,0.0,0.6102557960002741,0.0322699149996879,87,84,warmup,0,0.0
2026-06-18T18:22:43.740440+00:00,tcc-ens-expsm-fft-a-cpu-hv,Ensemble,a-cpu,combined,6,6,1365,1365,2.638853620205835,1.733848141763045,6.2928819550627875,6.382743835449219,no_change,no_change,False,False,Ensemble,0.004217826000058267,0.0,0.071909997000148,0.004606752999734454,88,85,warmup,0,0.0
2026-06-18T18:22:58.744021+00:00,tcc-ens-expsm-fft-a-cpu-hv,Ensemble,a-cpu,combined,6,6,1365,1365,2.638853620205835,0.9442896176526133,7.847417533644764,8.434833526611328,no_change,no_change,False,False,Ensemble,0.005236819999936415,0.0,0.05326695599978848,0.003956750000270404,89,86,warmup,0,0.0
2026-06-18T18:23:13.846687+00:00,tcc-ens-expsm-fft-a-cpu-hv,Ensemble,a-cpu,combined,6,6,1365,1365,2.638853620205835,1.602247766708413,4.167800949071609,8.435195922851562,no_change,cooldown,False,False,Ensemble,0.005203424999763229,0.0,0.03803169599996181,0.0016994319998957508,90,87,warmup,0,0.0
2026-06-18T18:23:28.728326+00:00,tcc-ens-expsm-fft-a-cpu-hv,Ensemble,a-cpu,combined,6,6,1365,1365,2.638853620205835,1.993793138648847,4.202841844654591,8.435340881347656,no_change,cooldown,False,False,Ensemble,0.0038886030001776817,0.0,0.04189832500014745,0.0019546040002751397,91,88,warmup,0,0.0
2026-06-18T18:23:43.770595+00:00,tcc-ens-expsm-fft-a-cpu-hv,Ensemble,a-cpu,combined,6,6,1365,1365,2.638853620205835,2.4094993092245662,4.213079926686522,8.435562133789062,no_change,cooldown,False,False,Ensemble,0.005818352999995113,0.0,0.04471272899991163,0.0021010300001762516,92,89,warmup,0,0.0
2026-06-18T18:23:58.825178+00:00,tcc-ens-expsm-fft-a-cpu-hv,Ensemble,a-cpu,combined,6,6,1365,1365,2.638853620205835,1.997856295750172,4.730261268039546,8.43557357788086,no_change,cooldown,False,False,Ensemble,0.010742373000084626,0.0,0.06397782900012317,0.0024281510000037088,93,90,warmup,0,0.0
2026-06-18T18:24:13.772394+00:00,tcc-ens-expsm-fft-a-cpu-hv,Ensemble,a-cpu,combined,6,6,1365,1365,2.638853620205835,1.3725945346759694,4.459518857138587,8.435943603515625,no_change,cooldown,False,False,Ensemble,0.004210626000258344,0.0,0.032641003000208,0.0018109729999196134,94,91,warmup,0,0.0
2026-06-18T18:24:29.214422+00:00,tcc-ens-expsm-fft-a-cpu-hv,Ensemble,a-cpu,combined,6,6,1365,1365,2.638853620205835,1.0095922070519374,4.251550886086767,8.435897827148438,no_change,cooldown,False,False,Ensemble,0.006529015000069194,0.0,0.05359282000017629,0.002568587999576266,95,92,warmup,0,0.0
2026-06-18T18:24:43.783753+00:00,tcc-ens-expsm-fft-a-cpu-hv,Ensemble,a-cpu,combined,6,6,1365,1365,2.638853620205835,0.7095237807330304,4.017950375750312,10.275211334228516,no_change,cooldown,False,False,Ensemble,0.0040706639997551974,0.0,0.03185284600021987,0.0016686379999555356,96,93,warmup,0,0.0
2026-06-18T18:24:58.805888+00:00,tcc-ens-expsm-fft-a-cpu-hv,Ensemble,a-cpu,combined,6,6,1365,1365,2.638853620205835,0.6083126816046531,10.617201835136402,10.794448852539062,no_change,no_change,False,False,Ensemble,0.004092974999821308,0.0,0.037190128000020195,0.003290383000148722,97,94,warmup,0,0.0
2026-06-18T18:25:13.886317+00:00,tcc-ens-expsm-fft-a-cpu-hv,Ensemble,a-cpu,combined,6,6,1365,1365,2.638853620205835,0.5110161078152125,11.140063177216522,11.200447082519531,no_change,no_change,False,False,Ensemble,0.005649828000059642,0.0,0.06444704400018963,0.004220993000217277,98,95,warmup,0,0.0
2026-06-18T18:25:28.835351+00:00,tcc-ens-expsm-fft-a-cpu-hv,Ensemble,a-cpu,combined,6,6,1365,1365,2.638853620205835,0.33323419294386536,11.29364205134786,11.200454711914062,no_change,no_change,False,False,Ensemble,0.003996012999778031,0.0,0.04106366599989997,0.003497146999961842,99,96,warmup,0,0.0
2026-06-18T18:25:43.854659+00:00,tcc-ens-expsm-fft-a-cpu-hv,Ensemble,a-cpu,combined,6,6,1365,1365,2.638853620205835,0.32666196709377177,11.341158456403825,11.204326629638672,no_change,no_change,False,False,Ensemble,0.003925048999917635,0.0,0.03843664300029559,0.0036995620002926444,100,97,warmup,0,0.0
2026-06-18T18:25:58.864675+00:00,tcc-ens-expsm-fft-a-cpu-hv,Ensemble,a-cpu,combined,6,6,1365,1365,2.638853620205835,0.27087830716025263,11.361945939251962,11.215068817138672,no_change,no_change,False,False,Ensemble,0.004027050999866333,0.0,0.04067313199993805,0.004253073000199947,101,98,warmup,0,0.0
2026-06-18T18:26:13.891977+00:00,tcc-ens-expsm-fft-a-cpu-hv,Ensemble,a-cpu,combined,6,6,1365,1365,2.638853620205835,0.29194606836462134,10.730415663392927,10.31961441040039,no_change,no_change,False,False,Ensemble,0.004434086999935971,0.0,0.04788284599999315,0.004518596000252728,102,99,warmup,0,0.0
2026-06-18T18:26:28.899625+00:00,tcc-ens-expsm-fft-a-cpu-hv,Ensemble,a-cpu,combined,6,6,1365,1365,2.638853620205835,0.3151248560541422,11.1837513829598,11.223827362060547,no_change,no_change,False,False,Ensemble,0.004136259999995673,0.0,0.05112318300007246,0.0045447829998011,103,100,warmup,0,0.0
2026-06-18T18:26:43.912073+00:00,tcc-ens-expsm-fft-a-cpu-hv,Ensemble,a-cpu,combined,6,6,1365,1365,2.638853620205835,0.2892215217220165,11.313856223257924,11.218975067138672,no_change,no_change,False,False,Ensemble,0.00473316799980239,0.0,0.04944687499983047,0.004216706000079284,104,101,warmup,0,0.0
2026-06-18T18:26:59.041451+00:00,tcc-ens-expsm-fft-a-cpu-hv,Ensemble,a-cpu,combined,6,6,1365,1365,2.638853620205835,0.3436762270543696,11.351776478411207,11.217941284179688,no_change,no_change,False,False,Ensemble,0.006774030000087805,0.0,0.07765861500001847,0.006045061999884638,105,102,warmup,0,0.0
2026-06-18T18:27:20.396046+00:00,tcc-ens-expsm-fft-a-cpu-hv,Ensemble,a-cpu,combined,6,6,1365,1365,2.638853620205835,0.3064327472081583,9.773244595164451,9.285938262939453,no_change,no_change,False,False,Ensemble,0.08693715400022484,0.0,2.9762296930002776,0.18962630900023214,106,103,warmup,0,0.0
2026-06-18T18:27:35.260968+00:00,tcc-ens-expsm-fft-a-cpu-hv,Ensemble,a-cpu,combined,6,6,1365,1024,2.638853620205835,0.4719646102325461,5.694969192887736,4.391876220703125,no_change,scale_down,False,False,Ensemble,0.3530411770002502,0.0,2.2695558729997174,0.22554499699981534,107,104,warmup,6,0.0
2026-06-18T18:27:58.507362+00:00,tcc-ens-expsm-fft-a-cpu-hv,Ensemble,a-cpu,combined,6,6,1024,1024,2.638853620205835,1.3044972045606926,5.889813945425968,5.8737640380859375,no_change,no_change,False,False,Ensemble,0.6236721989998841,0.0,1.5355415130002257,0.043076941999970586,108,105,warmup,0,0.0
2026-06-18T18:28:10.827655+00:00,tcc-ens-expsm-fft-a-cpu-hv,Ensemble,a-cpu,combined,6,5,1024,1024,2.0303075108775093,2.070198245995744,5.945738168375639,5.895347595214844,scale_down,no_change,False,False,exponential_smoothing,4.501989452000089,0.10431090799966114,2.5078215109997473,0.1751154429998678,108,106,warmup,0,0.0
2026-06-18T18:28:17.068562+00:00,tcc-ens-expsm-fft-a-cpu-hv,Ensemble,a-cpu,combined,5,5,1024,1024,1.6374249178864462,1.8568924816676982,6.2035154988807095,6.217124938964844,cooldown,cooldown,False,False,exponential_smoothing,0.26845096599981844,0.0032238530002359767,0.04493719599986434,0.004944787000113138,108,107,warmup,0,0.0
2026-06-18T18:28:37.759324+00:00,tcc-ens-expsm-fft-a-cpu-hv,Ensemble,a-cpu,combined,5,5,1024,1024,1.4938721754640876,1.391114665416984,6.269181632550791,6.218502044677734,cooldown,cooldown,False,False,exponential_smoothing,4.917027875000258,0.07371775499996147,2.133848550000039,0.18076417999964178,108,108,warmup,0,0.0
2026-06-18T18:28:58.971969+00:00,tcc-ens-expsm-fft-a-cpu-hv,Ensemble,a-cpu,combined,5,5,1024,1024,1.6727519982175774,1.6950694308856948,6.284402428203144,6.218742370605469,cooldown,cooldown,False,False,exponential_smoothing,8.865858693000064,0.11383833899981255,1.8511587309999413,0.1957688610000332,108,109,warmup,0,0.0
2026-06-18T18:29:08.599311+00:00,tcc-ens-expsm-fft-a-cpu-hv,Ensemble,a-cpu,combined,5,5,1024,1024,1.799119898873917,1.8069911257511733,6.288432289958018,6.2196807861328125,cooldown,cooldown,False,False,exponential_smoothing,6.650940022999748,0.09892253199996048,1.2907624629997372,0.0047260950000236335,108,110,warmup,0,0.0
2026-06-18T18:29:25.701767+00:00,tcc-ens-expsm-fft-a-cpu-hv,Ensemble,a-cpu,combined,5,5,1024,1024,2.0239355718234724,2.2630049821216107,6.289080776544996,6.219890594482422,no_change,cooldown,True,False,exponential_smoothing,7.182340045999808,0.18039158800002042,0.43297261999987313,0.004508292000082292,108,111,warmup,0,0.0
2026-06-18T18:29:36.322073+00:00,tcc-ens-expsm-fft-a-cpu-hv,Ensemble,a-cpu,combined,5,5,1024,1024,1.9666237885227853,2.1474598109235568,6.289213384814296,6.220222473144531,cooldown,cooldown,False,False,exponential_smoothing,5.263863995000065,0.07820185800028412,0.6341255659999661,0.21685675599974275,108,112,warmup,0,0.0
2026-06-18T18:29:46.989262+00:00,tcc-ens-expsm-fft-a-cpu-hv,Ensemble,a-cpu,combined,5,7,1024,1638,3.0052757710115405,2.6397791390536076,7.816619968893832,8.0,scale_up,scale_up,True,False,exponential_smoothing,0.9711995799998476,0.0033679169996503333,0.056422542999825964,0.005140433000178746,108,113,warmup,5,0.0
2026-06-18T18:29:59.810832+00:00,tcc-ens-expsm-fft-a-cpu-hv,Ensemble,a-cpu,combined,7,7,1638,1638,2.673575176974837,1.9710370037968805,7.052709972430965,6.2204132080078125,cooldown,cooldown,False,False,exponential_smoothing,0.12706586900003458,0.0032757280000623723,0.03955305399995268,0.0033950179999919783,108,114,warmup,0,0.0
2026-06-18T18:30:14.844374+00:00,tcc-ens-expsm-fft-a-cpu-hv,Ensemble,a-cpu,combined,7,7,1638,1638,1.0913554638815657,1.2735201846019264,6.571132134166573,6.346378326416016,cooldown,cooldown,False,False,exponential_smoothing,0.16680361699991408,0.0029622619999827293,0.03785900100001527,0.004222045999995316,108,115,warmup,0,0.0
2026-06-18T18:30:29.807031+00:00,tcc-ens-expsm-fft-a-cpu-hv,Ensemble,a-cpu,combined,7,7,1638,1638,0.8852598793827277,1.2711040389846626,3.427154562015591,6.616352081298828,cooldown,cooldown,False,False,exponential_smoothing,0.13325256000007357,0.0036040609998053696,0.03383504100020218,0.0017490580003141076,108,116,warmup,0,0.0
2026-06-18T18:30:44.896684+00:00,tcc-ens-expsm-fft-a-cpu-hv,Ensemble,a-cpu,combined,7,7,1638,1638,0.479454221756168,0.6541420529986884,4.32335610774723,6.616413116455078,cooldown,cooldown,False,False,exponential_smoothing,0.20227718999967692,0.0031828799997128954,0.0343547249999574,0.0016937969999162306,108,117,warmup,0,0.0
2026-06-18T18:30:59.826290+00:00,tcc-ens-expsm-fft-a-cpu-hv,Ensemble,a-cpu,combined,7,7,1638,1638,0.49475544873371907,0.4382166406718984,4.334128944778367,6.616374969482422,cooldown,cooldown,False,False,exponential_smoothing,0.1333062910002809,0.002805824000006396,0.0317080109998642,0.0018186110000897315,108,118,warmup,0,0.0
2026-06-18T18:31:14.830021+00:00,tcc-ens-expsm-fft-a-cpu-hv,Ensemble,a-cpu,combined,7,1,1638,1638,0.05935043853848151,0.26388761742117917,4.297070415012615,6.616428375244141,scale_down,cooldown,False,False,exponential_smoothing,0.12445702700006223,0.003055215000131284,0.03130540000029214,0.0016465129997413896,108,119,warmup,0,0.0
2026-06-18T18:31:30.057595+00:00,tcc-ens-expsm-fft-a-cpu-hv,Ensemble,a-cpu,combined,1,1,1638,1638,0.20460257672646254,0.29000080736150524,4.216768839001732,6.616668701171875,no_change,cooldown,False,False,exponential_smoothing,0.26244546199995966,0.004571202000079211,0.0465802580001764,0.002364428999953816,108,120,warmup,0,0.0
2026-06-18T18:31:44.820044+00:00,tcc-ens-expsm-fft-a-cpu-hv,Ensemble,a-cpu,combined,1,1,1638,1638,0.2990489500139555,0.2895426017537395,6.6848275900677,6.617252349853516,no_change,cooldown,False,False,exponential_smoothing,0.12797043799992025,0.0033896209997692495,0.03759188499998345,0.0031694639997112972,108,121,warmup,0,0.0
2026-06-18T18:31:59.905195+00:00,tcc-ens-expsm-fft-a-cpu-hv,Ensemble,a-cpu,combined,1,1,1638,1638,0.1977182782730827,0.24618184856728,6.684733724508434,6.61767578125,no_change,cooldown,False,False,exponential_smoothing,0.20624165900017033,0.00436962499998117,0.03565866899998582,0.0030060609997235588,108,122,warmup,0,0.0
2026-06-18T18:32:14.854069+00:00,tcc-ens-expsm-fft-a-cpu-hv,Ensemble,a-cpu,combined,1,1,1638,1638,0.08914682810022076,0.11640067500000001,6.684209009135413,6.6175537109375,no_change,cooldown,False,False,exponential_smoothing,0.1321354850001626,0.0030993769996712217,0.03792752000026667,0.0033490210003037646,108,123,warmup,0,0.0
2026-06-18T18:32:29.887023+00:00,tcc-ens-expsm-fft-a-cpu-hv,Ensemble,a-cpu,combined,1,1,1638,1638,0.0,0.09219006126305851,6.684728302655831,6.6175537109375,no_change,cooldown,False,False,exponential_smoothing,0.1300821720001295,0.0025088249999498657,0.05727115500030777,0.004727166000066063,108,124,warmup,0,0.0
2026-06-18T18:32:44.888842+00:00,tcc-ens-expsm-fft-a-cpu-hv,Ensemble,a-cpu,combined,1,1,1638,8192,0.0,0.0009107276519788267,7.73809498205674,8.0,no_change,scale_up,False,True,exponential_smoothing,0.1174684940001498,0.002666102000148385,0.05715310200002932,0.004604579999977432,108,125,warmup,1,0.0
2026-06-18T18:32:59.829003+00:00,tcc-ens-expsm-fft-a-cpu-hv,Ensemble,a-cpu,combined,1,1,8192,8192,0.0,0.0,2.7575357239894442,0.7458267211914062,no_change,cooldown,False,False,exponential_smoothing,0.07518174099959651,0.001786498000001302,0.03830372099992019,0.0033661389998087543,108,126,warmup,0,0.0
2026-06-18T18:33:15.541945+00:00,tcc-ens-expsm-fft-a-cpu-hv,Ensemble,a-cpu,combined,1,1,8192,8192,0.0,0.019094891666666666,1.1855393794050924,0.7936859130859375,no_change,cooldown,False,False,exponential_smoothing,0.30578429700017296,0.0025722390000737505,0.2010053330000119,0.11326158000019859,108,127,warmup,0,0.0
2026-06-18T18:33:30.276087+00:00,tcc-ens-expsm-fft-a-cpu-hv,Ensemble,a-cpu,combined,1,1,8192,8192,0.0456006834530985,0.08332062916666667,0.8452727735764989,0.7433509826660156,no_change,cooldown,False,False,exponential_smoothing,0.29956285999969623,0.002403048000360286,0.1767226430001756,0.005208070000207954,108,128,warmup,0,0.0
2026-06-18T18:33:45.463300+00:00,tcc-ens-expsm-fft-a-cpu-hv,Ensemble,a-cpu,combined,1,1,8192,8192,0.1364744758507473,0.7769737273048027,4.912197104030765,6.277896881103516,no_change,cooldown,True,False,exponential_smoothing,0.3789949079996404,0.016219963000366988,0.16586388299992905,0.0217746809998971,108,129,warmup,0,0.0
2026-06-18T18:34:00.226334+00:00,tcc-ens-expsm-fft-a-cpu-hv,Ensemble,a-cpu,combined,1,1,8192,8192,0.22689042710736973,1.0789480583333333,6.03661936550999,6.277500152587891,no_change,cooldown,True,False,exponential_smoothing,0.2033891199998834,0.0024083000002974586,0.14557920400011426,0.04265181399978246,108,130,warmup,0,0.0
2026-06-18T18:34:15.149374+00:00,tcc-ens-expsm-fft-a-cpu-hv,Ensemble,a-cpu,combined,1,3,8192,8192,1.3912715278601975,1.4948895427136464,2.1515010800132517,6.275672912597656,scale_up,cooldown,True,False,exponential_smoothing,0.25742819400011285,0.006132442999842169,0.06326385000011214,0.002766895000149816,108,131,warmup,0,0.0
2026-06-18T18:34:30.778022+00:00,tcc-ens-expsm-fft-a-cpu-hv,Ensemble,a-cpu,combined,3,3,8192,8192,1.5059710833519355,1.8897514322182316,1.5865603087745621,2.663318634033203,cooldown,cooldown,True,False,exponential_smoothing,0.476732068000274,0.009380620999763778,0.11972108500003742,0.002753092000148172,108,132,warmup,0,0.0
2026-06-18T18:34:46.977176+00:00,tcc-ens-expsm-fft-a-cpu-hv,Ensemble,a-cpu,combined,3,3,8192,8192,1.99517417665762,1.5567681545478516,1.8001777255739517,6.333271026611328,cooldown,cooldown,True,False,exponential_smoothing,1.67700465300004,0.005757742000241706,0.07746602799988977,0.00182615599987912,108,133,warmup,0,0.0
2026-06-18T18:35:03.803835+00:00,tcc-ens-expsm-fft-a-cpu-hv,Ensemble,a-cpu,combined,3,3,8192,8192,2.0018694002565587,1.7371107451960721,1.8357720625942813,6.097373962402344,cooldown,cooldown,True,False,exponential_smoothing,2.382504213000175,0.009032523999849218,0.6099994369997148,0.002788498000427353,108,134,warmup,0,0.0
2026-06-18T18:35:15.656561+00:00,tcc-ens-expsm-fft-a-cpu-hv,Ensemble,a-cpu,combined,3,4,8192,8192,1.902188995824352,2.0026084670829056,2.130027241999247,5.573436737060547,scale_up,cooldown,True,False,exponential_smoothing,0.4072579079997922,0.006340383999940968,0.06640005099961854,0.0033760259998416586,108,135,warmup,0,0.0
2026-06-18T18:35:30.729205+00:00,tcc-ens-expsm-fft-a-cpu-hv,Ensemble,a-cpu,combined,4,4,8192,8192,1.959572600847319,1.9268455112194283,2.853693358384039,6.099552154541016,no_change,cooldown,True,False,exponential_smoothing,0.4022286240001449,0.008058721999987029,0.06928447799964488,0.002540909999879659,108,136,warmup,0,0.0
2026-06-18T18:35:45.642677+00:00,tcc-ens-expsm-fft-a-cpu-hv,Ensemble,a-cpu,combined,4,3,8192,8192,1.4976084537812588,1.9318175992294278,3.4075676270547604,6.149574279785156,scale_down,cooldown,True,False,exponential_smoothing,0.43669259099988267,0.004601617999924201,0.06815888399978576,0.0022975430001679342,108,137,warmup,0,0.0
2026-06-18T18:36:00.204674+00:00,tcc-ens-expsm-fft-a-cpu-hv,Ensemble,a-cpu,combined,3,3,8192,8192,1.6241020062318317,2.1872970227748754,3.424146937111838,6.6194915771484375,cooldown,cooldown,True,False,exponential_smoothing,0.22138074199983748,0.004973694999989675,0.055621088999942,0.002617465000184893,108,138,warmup,0,0.0
2026-06-18T18:36:15.627358+00:00,tcc-ens-expsm-fft-a-cpu-hv,Ensemble,a-cpu,combined,3,3,8192,8192,1.7514558029088867,2.327036641661658,3.5687381862594254,5.973503112792969,cooldown,cooldown,True,False,exponential_smoothing,0.3951831970002786,0.006142875000023196,0.06235161499989772,0.0025350949999847217,108,139,warmup,0,0.0
2026-06-18T18:36:30.159780+00:00,tcc-ens-expsm-fft-a-cpu-hv,Ensemble,a-cpu,combined,3,3,8192,8192,1.3683097924705783,1.5529008390688832,3.6322199505912183,7.212554931640625,no_change,cooldown,True,False,exponential_smoothing,0.1779036860002634,0.006736014999660256,0.053766788999837445,0.0026308599999538274,108,140,warmup,0,0.0
2026-06-18T18:36:45.094379+00:00,tcc-ens-expsm-fft-a-cpu-hv,Ensemble,a-cpu,combined,3,3,8192,8192,0.4846566082512718,0.6656613680965899,3.7084084256869123,7.214752197265625,cooldown,cooldown,False,False,exponential_smoothing,0.1310468269998637,0.0031899280002107844,0.03086756799984869,0.0016628670000500279,108,141,warmup,0,0.0
2026-06-18T18:37:00.171291+00:00,tcc-ens-expsm-fft-a-cpu-hv,Ensemble,a-cpu,combined,3,3,8192,8192,0.3622235455319877,0.6151729179560717,3.7408932294331714,7.2234039306640625,cooldown,cooldown,False,False,exponential_smoothing,0.16318242999977883,0.003694863999953668,0.04900850099966192,0.001778084999841667,108,142,warmup,0,0.0
2026-06-18T18:37:15.324357+00:00,tcc-ens-expsm-fft-a-cpu-hv,Ensemble,a-cpu,combined,3,3,8192,8192,0.5276519048827898,0.586419849034059,7.2353599517192855,7.170143127441406,cooldown,cooldown,False,False,exponential_smoothing,0.28276570499974696,0.0041499530002511165,0.052148094000131096,0.004315553999731492,108,143,warmup,0,0.0
2026-06-18T18:37:30.167569+00:00,tcc-ens-expsm-fft-a-cpu-hv,Ensemble,a-cpu,combined,3,3,8192,8192,0.38177400662010696,0.403338090883399,7.235838752908142,7.173564910888672,cooldown,cooldown,False,False,exponential_smoothing,0.1553066670003318,0.003248970000186091,0.036819227000250976,0.0031431119996341295,108,144,warmup,0,0.0
2026-06-18T18:37:45.186700+00:00,tcc-ens-expsm-fft-a-cpu-hv,Ensemble,a-cpu,combined,3,3,8192,4096,0.18446975788362308,0.23882740965282706,7.241446056070054,7.181282043457031,cooldown,scale_down,False,False,exponential_smoothing,0.15337370099996406,0.003164027999901009,0.0401354719997471,0.0033722970001690555,108,145,warmup,3,0.0
2026-06-18T18:38:00.208299+00:00,tcc-ens-expsm-fft-a-cpu-hv,Ensemble,a-cpu,combined,3,3,4096,4096,0.2893729652613047,0.23775829382362643,7.250221482282769,7.191455841064453,cooldown,cooldown,False,False,exponential_smoothing,0.15555482899981143,0.003202169999894977,0.03752468900029271,0.0032843339999999444,108,146,warmup,0,0.0
2026-06-18T18:38:15.201506+00:00,tcc-ens-expsm-fft-a-cpu-hv,Ensemble,a-cpu,combined,3,3,4096,4096,0.25418304339216846,0.23052925935784352,6.133021780820652,5.707683563232422,cooldown,cooldown,False,False,exponential_smoothing,0.14445014000011724,0.0032013430000006338,0.038552877999791235,0.003092277000178001,108,147,warmup,0,0.0
2026-06-18T18:38:30.762024+00:00,tcc-ens-expsm-fft-a-cpu-hv,Ensemble,a-cpu,combined,3,3,4096,4096,0.4440106487961997,0.3324617889549606,8.431853085682764,8.835250854492188,cooldown,cooldown,False,False,exponential_smoothing,0.419798744000218,0.004775445999712247,0.0867531440003404,0.005794775999675039,108,148,warmup,0,0.0
2026-06-18T18:38:45.268631+00:00,tcc-ens-expsm-fft-a-cpu-hv,Ensemble,a-cpu,combined,3,3,4096,4096,0.08977590357779563,0.12402481320180246,10.840581946736023,11.447040557861328,cooldown,cooldown,False,False,exponential_smoothing,0.1729106560001128,0.0035381620000407565,0.044618498999625444,0.004446426999948017,108,149,warmup,0,0.0
2026-06-18T18:39:00.275141+00:00,tcc-ens-expsm-fft-a-cpu-hv,Ensemble,a-cpu,combined,3,1,4096,4096,0.4167292443425358,0.36338385416666663,11.39476384991216,11.450897216796875,scale_down,cooldown,False,False,exponential_smoothing,0.18450365199987573,0.0033997049999925366,0.0379907239998829,0.0032641729999340896,108,150,warmup,0,0.0
2026-06-18T18:39:15.756608+00:00,tcc-ens-expsm-fft-a-cpu-hv,Ensemble,a-cpu,combined,1,1,4096,4096,0.06924049518226276,0.37013401204855123,11.51294592407676,11.45065689086914,no_change,cooldown,False,True,exponential_smoothing,0.40052374100014276,0.01741951500025607,0.17927119700016192,0.005834953999965364,108,151,warmup,0,0.0
2026-06-18T18:39:30.192818+00:00,tcc-ens-expsm-fft-a-cpu-hv,Ensemble,a-cpu,combined,1,1,4096,8192,0.12584834496739883,0.15520773854599318,8.836889122370506,8.0,no_change,scale_up,False,True,exponential_smoothing,0.07850801099993987,0.0017075359996852058,0.041236222999941674,0.0034500789997764514,108,152,warmup,1,0.0
2026-06-18T18:39:45.514507+00:00,tcc-ens-expsm-fft-a-cpu-hv,Ensemble,a-cpu,combined,1,1,8192,8192,0.17380189875102708,0.09836911024801208,10.875910251797261,11.45523452758789,no_change,no_change,False,True,exponential_smoothing,0.16570303599974068,0.0024432309996882395,0.19108311199988748,0.027798379000159912,108,153,warmup,0,0.0
2026-06-18T18:40:00.439659+00:00,tcc-ens-expsm-fft-a-cpu-hv,Ensemble,a-cpu,combined,1,1,8192,8192,0.22819268173063448,0.3392256666666667,5.00736518497283,11.514415740966797,no_change,cooldown,False,True,exponential_smoothing,0.18395260800025426,0.0031393670001307328,0.1268857229997593,0.0023257150000972615,108,154,warmup,0,0.0
2026-06-18T18:40:15.251307+00:00,tcc-ens-expsm-fft-a-cpu-hv,Ensemble,a-cpu,combined,1,1,8192,8192,0.2893445209897805,0.6483522041666666,6.067506411222603,11.514461517333984,no_change,cooldown,True,True,exponential_smoothing,0.11531437299981917,0.0019420860003265261,0.033886925000388146,0.002015581999785354,108,155,warmup,0,0.0
2026-06-18T18:40:30.371310+00:00,tcc-ens-expsm-fft-a-cpu-hv,Ensemble,a-cpu,combined,1,1,8192,8192,0.35636881358659134,1.0020463027777777,6.494785620793909,11.51437759399414,no_change,cooldown,True,True,exponential_smoothing,0.19793414099967777,0.0026689639998949133,0.0391540549999263,0.002434596000057354,108,156,warmup,0,0.0
2026-06-18T18:40:45.267142+00:00,tcc-ens-expsm-fft-a-cpu-hv,Ensemble,a-cpu,combined,1,1,8192,8192,0.35465621874612785,0.8415669115786498,6.749191095780656,17.10763168334961,no_change,cooldown,True,True,exponential_smoothing,0.10687694900025235,0.001706117000139784,0.03091674100005548,0.0019467020001684432,108,157,warmup,0,0.0
2026-06-18T18:41:00.285536+00:00,tcc-ens-expsm-fft-a-cpu-hv,Ensemble,a-cpu,combined,1,1,8192,8192,0.4651090765606942,0.8482027462040282,6.8559013130312945,15.670642852783203,no_change,cooldown,True,True,exponential_smoothing,0.10809368699983679,0.0017967789999602246,0.03307492500016451,0.002160792000267975,108,158,warmup,0,0.0
2026-06-18T18:41:15.310282+00:00,tcc-ens-expsm-fft-a-cpu-hv,Ensemble,a-cpu,combined,1,1,8192,8192,0.46904219071827774,0.7281814082833845,6.908394714969212,15.670639038085938,no_change,cooldown,True,True,exponential_smoothing,0.12588841200022216,0.0019148019996464427,0.03295231799984322,0.0017031860002134636,108,159,warmup,0,0.0
2026-06-18T18:41:30.318378+00:00,tcc-ens-expsm-fft-a-cpu-hv,Ensemble,a-cpu,combined,1,1,8192,8192,0.4383098280392888,0.4676191780903445,6.81280130854308,14.04135513305664,no_change,cooldown,True,True,exponential_smoothing,0.12419541899998876,0.0017454190001444658,0.03394342000001416,0.0018794640000123763,108,160,warmup,0,0.0
2026-06-18T18:41:45.389192+00:00,tcc-ens-expsm-fft-a-cpu-hv,Ensemble,a-cpu,combined,1,1,8192,8192,0.3833879787451355,0.33534887500000005,6.896294542383261,15.670669555664062,no_change,cooldown,False,True,exponential_smoothing,0.15307162799990692,0.002430800000183808,0.05256841400023404,0.0023406290001730667,108,161,warmup,0,0.0
2026-06-18T18:42:00.508115+00:00,tcc-ens-expsm-fft-a-cpu-hv,Ensemble,a-cpu,combined,1,1,8192,8192,0.3250471105808161,0.4937979796211564,15.709518764248212,15.666728973388672,no_change,no_change,True,True,exponential_smoothing,0.2045030089998363,0.0027155239999956393,0.06222210299983999,0.0045186990000729566,108,162,warmup,0,0.0
2026-06-18T18:42:15.390576+00:00,tcc-ens-expsm-fft-a-cpu-hv,Ensemble,a-cpu,combined,1,1,8192,8192,0.25656858155167656,0.49206784645137386,7.499593909831283,15.664630889892578,no_change,no_change,True,True,exponential_smoothing,0.1392695829999866,0.0024636020002617443,0.04469346499990934,0.0018728980003288598,108,163,warmup,0,0.0
2026-06-18T18:42:30.469356+00:00,tcc-ens-expsm-fft-a-cpu-hv,Ensemble,a-cpu,combined,1,1,8192,8192,0.1762979339782402,0.4051361667347775,8.216687210379096,13.751358032226562,no_change,no_change,False,True,exponential_smoothing,0.1906969079996088,0.0022295250000752276,0.04980470000009518,0.0028352639997137885,108,164,warmup,0,0.0
2026-06-18T18:42:45.332027+00:00,tcc-ens-expsm-fft-a-cpu-hv,Ensemble,a-cpu,combined,1,1,8192,8192,0.08857576257717506,0.3279886139276717,7.967670579284039,13.748348236083984,no_change,no_change,False,True,exponential_smoothing,0.07565015599993785,0.0018245020000904333,0.03068893699992259,0.0017186380000566714,108,165,warmup,0,0.0
2026-06-18T18:43:00.399036+00:00,tcc-ens-expsm-fft-a-cpu-hv,Ensemble,a-cpu,combined,1,1,8192,8192,0.001036551595429376,0.3172889749999996,7.654985456945784,12.57772445678711,no_change,no_change,False,True,exponential_smoothing,0.11158259200010434,0.0024335600000995328,0.035730854000121326,0.001797925000118994,108,166,warmup,0,0.0
2026-06-18T18:43:15.435006+00:00,tcc-ens-expsm-fft-a-cpu-hv,Ensemble,a-cpu,combined,1,1,8192,8192,0.0,0.28826643440807864,11.859499348114301,11.399166107177734,no_change,no_change,False,True,exponential_smoothing,0.1105608289999509,0.0025901289995999832,0.06074572599982275,0.005071046000011847,108,167,warmup,0,0.0
2026-06-18T20:07:49.722314+00:00,tcc-ens-expsm-fft-a-cpu-hv,Ensemble,a-cpu,combined,2,1,4096,4096,0.3460160374635211,0.48906103259056727,10.386423908308638,10.392936706542969,scale_down,no_change,False,False,exponential_smoothing,0.07317468499968527,0.0018128379997506272,0.04198940000060247,0.0032471409995196154,0,0,warmup,0,0.0
